,id,title,price,mileage,highlight,overview
0,25292993,2018 Jeep Wrangler All-New Unlimited Sport S,"$26,998*",42K miles,"New Tires
Replaced 4 tires to meet our standards | Low Miles Per Year
Less than 9,000 miles per year | Well-Equipped
Hard Top, 4WD/AWD, Running Boards, Rear View Camera, Bluetooth Technology","17 city/23 hwy | 6-cyl, Gas, 3.6L | Automatic | Black/Black |  | "
1,25372640,2020 Chevrolet Equinox LT,"$21,998*",29K miles,"Single Owner
Reported by AutoCheck® View History Report | New Pair of Tires
Replaced 2 tires to meet our standards | Low Miles Per Year
Less than 9,000 miles per year","25 city/30 hwy | 4-cyl, Turbo Gas, 1.5L | All Wheel Drive | Automatic | Blue/Black |  | "
2,25306629,2023 Toyota Camry SE,"$25,998*",26K miles,,"4-cyl, Gas, 2.5L | Front Wheel Drive | Automatic | Gray/Gray |  | "
3,25351670,2020 Kia Sorento LX,"$20,998*",41K miles,"Single Owner
Reported by AutoCheck® View History Report | Well-Equipped
Third Row Seat, Blind Spot Monitor, Rear View Camera, Bluetooth Technology, Alloy Wheels | Manufacturer Warranty
Balance of 5 Years or 60,000 Miles may apply. See store for details Learn More","19 city/26 hwy | 6-cyl, Gas, 3.3L | Front Wheel Drive | Automatic | Gray/Black |  | "
4,25306606,2020 Jeep Wrangler Unlimited Sahara,"$39,998*",27K miles,,"22 city/29 hwy | 6-cyl, Turbo Diesel, 3.0L | Automatic | Gray/Black |  | "
5,25306853,2022 Nissan Sentra SV,"$19,998*",37K miles,,"4-cyl, Gas, 2.0L | Front Wheel Drive | Automatic | Gray/Black |  | "
6,25268799,2022 Toyota Camry SE,Price unavailable*,24K miles,,"28 city | 4-cyl, Gas, 2.5L | Front Wheel Drive | Automatic | White/Black |  | "
7,25344281,2014 Audi A4 Premium Plus,"$16,998*",55K miles,,"20 city/29 hwy | 4-cyl, Turbo Gas, 2.0L | All Wheel Drive | Automatic | Black/Champagne |  | "
8,24999845,2016 Toyota RAV4 Hybrid Limited,"$26,998*",41K miles,,"34 city/31 hwy | 4-cyl, Hybrid, 2.5L | All Wheel Drive | Automatic | Silver/Gray |  | "
9,24760238,2019 Lexus RX 450h,Price unavailable*,81K miles,,"31 city/28 hwy | 6-cyl, Hybrid, 3.5L | All Wheel Drive | Automatic | Tan/Black |  | "
10,25372938,2021 Jeep Cherokee Latitude Lux,Price unavailable*,43K miles,,"6-cyl, Gas, 3.2L | Front Wheel Drive | Automatic | Gray/Black |  | "
11,25306854,2023 Mazda CX-5 Carbon Edition,"$28,998*",23K miles,,"4-cyl, Gas, 2.5L | All Wheel Drive | Automatic | Gray/Black |  | "
12,24919044,2020 Ford Escape Hybrid SE Sport,"$26,998*",6K miles,,"4-cyl, Gas, 2.5L | Automatic | White/Gray |  | "
13,25562563,2020 Hyundai Santa Fe SEL,Price unavailable*,36K miles,,"22 city/29 hwy | 4-cyl, Gas, 2.4L | Front Wheel Drive | Automatic | Black/Black |  | "
14,22883816,2019 Land Rover Range Rover Velar S,Price unavailable*,37K miles,,"21 city/27 hwy | 4-cyl, Turbo Gas, 2.0L | Four Wheel Drive | Automatic | Silver/Black |  | "
15,25268231,2018 Cadillac XTS Premium Luxury,"$29,998*",36K miles,,"19 city/28 hwy | 6-cyl, Gas, 3.6L | Front Wheel Drive | Automatic | Gray/Tan |  | "
16,25306633,2023 Toyota Corolla LE,"$22,998*",18K miles,,"4-cyl, Gas, 2.0L | Front Wheel Drive | Automatic | White/Gray |  | "
17,25351789,2019 Lexus RX 350,"$32,998*",28K miles,,"20 city/28 hwy | 6-cyl, Gas, 3.5L | Front Wheel Drive | Automatic | Silver/Black |  | "
18,25217093,2020 Chrysler Pacifica Touring L,"$23,998*",54K miles,,"19 city/28 hwy | 6-cyl, Gas, 3.6L | Front Wheel Drive | Automatic | Silver/Black |  | "
19,24964581,2018 Ford Fusion SE,"$17,998*",22K miles,,"23 city/34 hwy | 4-cyl, Turbo Gas, 1.5L | Front Wheel Drive | Automatic | Gray/Black |  | "
20,25320079,2022 Mercedes-Benz GLS450,"$66,998*",24K miles,,"6-cyl, Turbo Gas, 3.0L | All Wheel Drive | Automatic | Black/Black |  | "
21,24749757,2020 Jeep Grand Cherokee Limited,"$28,998*",22K miles,,"19 city/26 hwy | 6-cyl, Gas, 3.6L | Rear Wheel Drive | Automatic | Black/Tan |  | "
22,25344260,2017 Honda CR-V EX-L,Price unavailable*,95K miles,,"28 city/34 hwy | 4-cyl, Turbo Gas, 1.5L | Front Wheel Drive | Automatic | Gray/Gray |  | "
23,24912058,2023 Toyota RAV4 LE,"$25,998*",46K miles,,"4-cyl, Gas, 2.5L | Front Wheel Drive | Automatic | Red/Black |  | "
24,25515779,2015 BMW 528 I,"$18,998*",54K miles,,"23 city/34 hwy | 4-cyl, Turbo Gas, 2.0L | Rear Wheel Drive | Automatic | Black/Tan |  | "
25,25268371,2021 Honda Civic EX,"$23,998*",58K miles,,"31 city/40 hwy | 4-cyl, Turbo Gas, 1.5L | Front Wheel Drive | Automatic | Gray/Black |  | "
26,25306352,2022 Ram 1500 Bighorn,"$36,998*",20K miles,,"8-cyl, Gas, 5.7L | Four Wheel Drive | Automatic | White/Gray |  | "
27,25135186,2017 Land Rover Range Rover Sport HSE,Price unavailable*,43K miles,,"17 city/23 hwy | 6-cyl, Supercharged Gas, 3.0L | Four Wheel Drive | Automatic | Gray/Black |  | "
28,25344065,2015 Jeep Cherokee Trailhawk,"$19,998*",60K miles,,"19 city/25 hwy | 6-cyl, Gas, 3.2L | Four Wheel Drive | Automatic | White/Black |  | "
29,25230282,2013 Honda Odyssey EX-L,"$17,998*",76K miles,,"18 city/27 hwy | 6-cyl, Gas, 3.5L | Front Wheel Drive | Automatic | Red/Tan |  | "
30,24999617,2016 Lexus RX 350,"$25,998*",59K miles,,"20 city/27 hwy | 6-cyl, Gas, 3.5L | Front Wheel Drive | Automatic | Silver/Gray |  | "
31,25516152,2020 Subaru Outback Onyx Edition XT,Price unavailable*,20K miles,,"23 city/30 hwy | 4-cyl, Turbo Gas, 2.4L | All Wheel Drive | Automatic | Green/Gray |  | "
32,25144651,2022 Subaru Outback Premium,"$27,998*",19K miles,,"26 city/33 hwy | 4-cyl, Gas, 2.5L | All Wheel Drive | Automatic | Burgundy/Black |  | "
33,25515637,2022 Nissan Altima SV,"$20,998*",25K miles,,"27 city/37 hwy | 4-cyl, Gas, 2.5L | Front Wheel Drive | Automatic | Gray/Black |  | "
34,25306440,2022 Kia K5 LXS,"$21,998*",43K miles,,"4-cyl, Turbo Gas, 1.6L | Front Wheel Drive | Automatic | White/Black |  | "
35,25079205,2019 Subaru Crosstrek Premium,Price unavailable*,96K miles,,"27 city/33 hwy | 4-cyl, Gas, 2.0L | All Wheel Drive | Automatic | Blue/Black |  | "
36,25361535,2022 Honda Odyssey Elite,Price unavailable*,35K miles,,"6-cyl, Gas, 3.5L | Front Wheel Drive | Automatic | White/Black |  | "
37,24133044,2018 Land Rover Range Rover Evoque SE Premium,"$28,998*",36K miles,"New Pair of Tires
Replaced 2 tires to meet our standards | Low Miles Per Year
Less than 9,000 miles per year | Well-Equipped
4WD/AWD, Leather Seats, Navigation System, Skylight(s), Heated Steering Wheel","22 city/29 hwy | 4-cyl, Turbo Gas, 2.0L | Four Wheel Drive | Automatic | White/Black |  | "
38,25344747,2014 Subaru Impreza 2.0I,"$16,998*",36K miles,"Single Owner
Reported by AutoCheck® View History Report | New Tires
Replaced 4 tires to meet our standards | Low Miles Per Year
Less than 9,000 miles per year","27 city/36 hwy | 4-cyl, Gas, 2.0L | All Wheel Drive | Automatic | Blue/Black | None | "
39,25306406,2022 Nissan Altima S,"$20,998*",34K miles,"Single Owner
Reported by AutoCheck® View History Report | New Pair of Tires
Replaced 2 tires to meet our standards | Well-Equipped
Lane Departure Warning, Rear View Camera, Remote Start, Bluetooth Technology, Smart Key","28 city/39 hwy | 4-cyl, Gas, 2.5L | Front Wheel Drive | Automatic | Black/Black |  | "
40,25135063,2020 Land Rover Discovery Landmark,Price unavailable*,25K miles,"Single Owner
Reported by AutoCheck® View History Report | New Tires
Replaced 4 tires to meet our standards | Low Miles Per Year
Less than 9,000 miles per year","16 city/21 hwy | 6-cyl, Supercharged Gas, 3.0L | Four Wheel Drive | Automatic | White/Black |  | "
41,25470599,2023 Toyota Corolla LE,"$22,998*",19K miles,"Single Owner
Reported by AutoCheck® View History Report | Low Mileage
Under 20,000 Miles | Well-Equipped
Automated Cruise Control, Apple CarPlay, Lane Departure Warning, Rear View Camera, Bluetooth Technology","4-cyl, Gas, 2.0L | Front Wheel Drive | Automatic | Black/Black |  | "
42,25316984,2019 Nissan Frontier S,"$23,998*",14K miles,"Single Owner
Reported by AutoCheck® View History Report | Low Mileage
Under 20,000 Miles | The Basics
Rear View Camera, Bluetooth Technology, Tow Hitch, Cloth Seats, Cruise Control","17 city/22 hwy | 4-cyl, Gas, 2.5L | Rear Wheel Drive | Automatic | 6 ft | Red/Gray |  | "
43,24915740,2020 BMW 330 I,"$26,998*",42K miles,"Well-Equipped
Navigation System, Sunroof(s), Apple CarPlay, Lane Departure Warning, Parking Sensors | Manufacturer Warranty
Balance of 4 Years or 50,000 Miles may apply. See store for details Learn More | Fuel Efficient
26 City / 36 Hwy","26 city/36 hwy | 4-cyl, Turbo Gas, 2.0L | Rear Wheel Drive | Automatic | White/Black |  | "
44,24915448,2019 Volkswagen Atlas SEL Premium,"$25,998*",77K miles,"Single Owner
Reported by AutoCheck® View History Report | Loaded
Panoramic Sunroof, Third Row Seat, A/C Seat(s), Automated Cruise Control, 4WD/AWD | Premium Audio
Fender Audio","17 city/23 hwy | 6-cyl, Gas, 3.6L | All Wheel Drive | Automatic | Blue/Black |  | "
45,25459305,2021 Nissan Rogue SV,"$24,998*",26K miles,"New Pair of Tires
Replaced 2 tires to meet our standards | Low Miles Per Year
Less than 9,000 miles per year | Well-Equipped
Automated Cruise Control, Lane Departure Warning, Parking Sensors, Blind Spot Monitor, Rear View Camera","26 city/34 hwy | 4-cyl, Gas, 2.5L | Front Wheel Drive | Automatic | Black/Gray |  | "
46,25306596,2023 Toyota 4Runner TRD Off Road Premium,"$41,998*",20K miles,,"6-cyl, Gas, 4.0L | Four Wheel Drive | Automatic | Silver/Black |  | "
47,24474481,2018 Nissan Rogue SV,Price unavailable*,51K miles,,"26 city/33 hwy | 4-cyl, Gas, 2.5L | Front Wheel Drive | Automatic | Gray/Gray |  | "
48,25221615,2022 Mercedes-Benz GLC300,"$36,998*",29K miles,,"4-cyl, Turbo Gas, 2.0L | Rear Wheel Drive | Automatic | Gray/Red |  | "
49,24915465,2021 Nissan Frontier SV,"$24,998*",40K miles,,"18 city/24 hwy | 6-cyl, Gas, 3.8L | Rear Wheel Drive | Automatic | 4.5 ft | Black/Gray |  | "
50,24934404,2020 BMW X5 xDrive40i,"$39,998*",37K miles,,"20 city/26 hwy | 6-cyl, Turbo Gas, 3.0L | All Wheel Drive | Automatic | Blue/Cream | None | "
51,24912266,2022 Toyota Camry SE,"$22,998*",46K miles,,"28 city | 4-cyl, Gas, 2.5L | Front Wheel Drive | Automatic | Silver/Black |  | "
52,24759737,2019 Ram 1500 Bighorn,"$30,998*",74K miles,"Single Owner
Reported by AutoCheck® View History Report | New Tires
Replaced 4 tires to meet our standards | Well-Equipped
4WD/AWD, Navigation System, Parking Sensors, Rear View Camera, Bluetooth Technology","15 city/22 hwy | 8-cyl, Gas, 5.7L | Four Wheel Drive | Automatic | 5.5 ft | Gray/Black | None | "
53,25306659,2023 Toyota Corolla LE,Price unavailable*,20K miles,,"4-cyl, Gas, 2.0L | Front Wheel Drive | Automatic | Gray/Black |  | "
54,25052480,2019 Toyota 4Runner TRD Pro,"$46,998*",43K miles,,"17 city/20 hwy | 6-cyl, Gas, 4.0L | Four Wheel Drive | Automatic | Black/Black |  | "
55,24600617,2019 Toyota Camry SE,"$22,998*",61K miles,,"28 city/39 hwy | 4-cyl, Gas, 2.5L | Front Wheel Drive | Automatic | White/Gray |  | "
56,24678585,2013 Honda Civic LX,"$11,599*",121K miles,,"28 city/39 hwy | 4-cyl, Gas, 1.8L | Front Wheel Drive | Automatic | Black/Taupe |  | "
57,24964165,2021 Lexus GX 460 Premium,"$41,998*",40K miles,,"15 city/19 hwy | 8-cyl, Gas, 4.6L | Four Wheel Drive | Automatic | Gray/Black |  | "
58,25515745,2016 Subaru Forester 2.5I Limited,"$22,998*",32K miles,,"24 city/32 hwy | 4-cyl, Gas, 2.5L | All Wheel Drive | Automatic | Silver/Gray |  | "
59,25306402,2022 Nissan Altima S,"$19,998*",24K miles,,"28 city/39 hwy | 4-cyl, Gas, 2.5L | Front Wheel Drive | Automatic | Silver/Black |  | "
60,25585973,2023 Toyota Camry LE,"$25,998*",15K miles,,"4-cyl, Gas, 2.5L | Front Wheel Drive | Automatic | White/Black |  | "
61,25269109,2019 Mazda MX-5 Miata Club,Price unavailable*,12K miles,,"26 city/34 hwy | 4-cyl, Gas, 2.0L | Rear Wheel Drive | Manual 6 Speed | Gray/Black |  | "
62,25401119,2018 Toyota Corolla SE,"$19,998*",34K miles,,"28 city/35 hwy | 4-cyl, Gas, 1.8L | Front Wheel Drive | Automatic | Pearl/Black |  | "
63,25051947,2019 Toyota Corolla LE,Price unavailable*,32K miles,,"28 city/36 hwy | 4-cyl, Gas, 1.8L | Front Wheel Drive | Automatic | White/Black |  | "
64,25371935,2020 Buick Enclave Essence,"$26,998*",25K miles,,"18 city/26 hwy | 6-cyl, Gas, 3.6L | Front Wheel Drive | Automatic | Black/Black |  | "
65,25306427,2018 Ford Edge SEL,"$18,998*",40K miles,,"20 city/29 hwy | 4-cyl, Turbo Gas, 2.0L | Front Wheel Drive | Automatic | Black/Black |  | "
66,25545054,2020 Jeep Wrangler Rubicon,Price unavailable*,24K miles,,"17 city/25 hwy | 4-cyl, Turbo Gas, 2.0L | Automatic | Gray/Black |  | "
67,24971260,2016 Ford Fusion SE,Price unavailable*,57K miles,,"22 city/34 hwy | 4-cyl, Gas, 2.5L | Front Wheel Drive | Automatic | Gray/Tan |  | "
68,24825895,2016 Chevrolet Cruze LS,Price unavailable*,92K miles,,"30 city/42 hwy | 4-cyl, Turbo Gas, 1.4L | Front Wheel Drive | Automatic | Black/Gray |  | "
69,24486366,2020 Honda Civic LX,"$20,998*",48K miles,,"30 city/38 hwy | 4-cyl, Gas, 2.0L | Front Wheel Drive | Automatic | Silver/Black |  | "
70,25397911,2019 Volkswagen Tiguan SE,"$21,998*",48K miles,,"21 city/29 hwy | 4-cyl, Turbo Gas, 2.0L | All Wheel Drive | Automatic | White/Black |  | "
71,25268638,2015 Jeep Compass High Altitude,"$13,998*",91K miles,,"21 city/27 hwy | 4-cyl, Gas, 2.4L | Four Wheel Drive | Automatic | Burgundy/Black |  | "
72,24818718,2019 Mitsubishi Outlander ES,"$19,998*",43K miles,,"25 city/30 hwy | 4-cyl, Gas, 2.4L | Front Wheel Drive | Automatic | Blue/Black |  | "
73,25344556,2017 Honda Accord LX,"$18,998*",72K miles,,"27 city/36 hwy | 4-cyl, Gas, 2.4L | Front Wheel Drive | Automatic | Silver/Gray |  | "
74,24994008,2015 Hyundai Genesis,"$16,998*",79K miles,,"16 city/24 hwy | 6-cyl, Gas, 3.8L | Rear Wheel Drive | Manual 6 Speed | Red/Black |  | "
75,25051018,2019 Ford Taurus Limited,"$19,998*",50K miles,,"18 city/26 hwy | 6-cyl, Gas, 3.5L | Front Wheel Drive | Automatic | Silver/Black |  | "
76,24687075,2022 Volkswagen Tiguan S,"$25,998*",18K miles,,"23 city/30 hwy | 4-cyl, Turbo Gas, 2.0L | Front Wheel Drive | Automatic | Gray/Black |  | "
77,25485975,2022 Toyota Prius Prime Hybrid LE,Price unavailable*,29K miles,,"4-cyl, Plug-in Hybrid, 1.8L | Front Wheel Drive | Automatic | White/Black |  | "
78,25210997,2022 BMW Z4 sDrive30i,"$41,998*",26K miles,,"4-cyl, Turbo Gas, 2.0L | Rear Wheel Drive | Automatic | White/Black |  | "
79,24912949,2020 Hyundai Santa Fe SEL,Price unavailable*,47K miles,,"21 city/27 hwy | 4-cyl, Gas, 2.4L | All Wheel Drive | Automatic | Gray/Black |  | "
80,25079103,2016 Hyundai Tucson ECO,Price unavailable*,124K miles,,"26 city/33 hwy | 4-cyl, Turbo Gas, 1.6L | Front Wheel Drive | Automatic | Brown/Gray |  | "
81,25306421,2022 Nissan Altima S,"$19,998*",37K miles,,"28 city/39 hwy | 4-cyl, Gas, 2.5L | Front Wheel Drive | Automatic | White/Black |  | "
82,25316405,2023 Tesla Model 3,Price unavailable*,13K miles,,Electric | Rear Wheel Drive | Automatic | White/Black |  | 
83,25306417,2022 Ram 1500 Bighorn,"$37,998*",13K miles,,"8-cyl, Gas, 5.7L | Four Wheel Drive | Automatic | White/Black |  | "
84,25493217,2018 Mazda Mazda3 Sport,"$17,998*",46K miles,,"28 city/38 hwy | 4-cyl, Gas, 2.0L | Front Wheel Drive | Manual 5 Speed | Gray/Black |  | "
85,25351765,2019 BMW X3 XDrive30i,"$26,998*",35K miles,,"22 city/29 hwy | 4-cyl, Turbo Gas, 2.0L | All Wheel Drive | Automatic | Black/Black |  | "
86,24686963,2020 Honda Accord LX,"$24,998*",34K miles,,"30 city/38 hwy | 4-cyl, Turbo Gas, 1.5L | Front Wheel Drive | Automatic | Black/Black |  | "
87,25268737,2017 Kia Niro Touring,"$17,998*",86K miles,,"46 city/40 hwy | 4-cyl, Hybrid, 1.6L | Front Wheel Drive | Automatic | Black/Black |  | "
88,24985469,2018 Mercedes-Benz GLE350,"$25,998*",42K miles,,"18 city/23 hwy | 6-cyl, Gas, 3.5L | Rear Wheel Drive | Automatic | Gray/Tan |  | "
89,25383953,2023 BMW X5 xDrive40i,"$44,998*",43K miles,,"6-cyl, Turbo Gas, 3.0L | All Wheel Drive | Automatic | White/Black |  | "
90,25306393,2022 Ram 1500 Bighorn,"$37,998*",14K miles,,"8-cyl, Gas, 5.7L | Four Wheel Drive | Automatic | White/Gray |  | "
91,25562558,2020 Hyundai Santa Fe SEL,Price unavailable*,45K miles,,"22 city/29 hwy | 4-cyl, Gas, 2.4L | Front Wheel Drive | Automatic | Gray/Black |  | "
92,24475228,2014 Subaru Outback 3.6R Limited,"$14,998*",117K miles,,"17 city/25 hwy | 6-cyl, Gas, 3.6L | All Wheel Drive | Automatic | Gold/Tan |  | "
93,25223297,2018 Dodge Durango SRT,Price unavailable*,27K miles,,"13 city/19 hwy | 8-cyl, Gas, 6.4L | All Wheel Drive | Automatic | White/Red |  | "
94,25276461,2016 Chrysler Town and Country Touring,Price unavailable*,87K miles,,"17 city/25 hwy | 6-cyl, Gas, 3.6L | Front Wheel Drive | Automatic | White/Black |  | "
95,25079662,2014 Ford Fiesta SE,"$12,998*",51K miles,,"28 city/36 hwy | 4-cyl, Gas, 1.6L | Automatic | Black/Black |  | "
96,24284823,2014 Kia Forte EX,Price unavailable*,90K miles,,"24 city/36 hwy | 4-cyl, Gas, 2.0L | Front Wheel Drive | Automatic | White/Gray |  | "
97,25268738,2014 Ford Mustang,Price unavailable*,98K miles,,"19 city/29 hwy | 6-cyl, Gas, 3.7L | Automatic | Red/Black |  | "
98,25515866,2022 Nissan Altima SR,"$25,998*",9K miles,,"25 city/35 hwy | 4-cyl, Gas, 2.5L | All Wheel Drive | Automatic | Black/Black |  | "
99,25268289,2019 Dodge Challenger GT,"$23,998*",55K miles,"Single Owner
Reported by AutoCheck® View History Report | New Tires
Replaced 4 tires to meet our standards | Well-Equipped
Navigation System, Apple CarPlay, Parking Sensors, Rear View Camera, Remote Start","19 city/30 hwy | 6-cyl, Gas, 3.6L | Rear Wheel Drive | Automatic | White/Black |  | "
100,25398237,2019 Audi SQ5 Premium Plus,"$31,998*",49K miles,,"19 city/24 hwy | 6-cyl, Turbo Gas, 3.0L | All Wheel Drive | Automatic | Blue/Black |  | "
101,25398159,2018 Audi Q5 Premium Plus,"$26,998*",41K miles,,"23 city/27 hwy | 4-cyl, Turbo Gas, 2.0L | All Wheel Drive | Automatic | White/Brown |  | "
102,24964199,2017 Nissan Sentra S,"$14,998*",49K miles,,"27 city/35 hwy | 4-cyl, Gas, 1.8L | Front Wheel Drive | Manual 5 Speed | White/Black |  | "
103,24911974,2018 Mazda Mazda3 Sport,"$15,998*",79K miles,,"28 city/37 hwy | 4-cyl, Gas, 2.0L | Front Wheel Drive | Automatic | Silver/Black |  | "
104,25276509,2014 Mercedes-Benz C250 Sport,Price unavailable*,64K miles,,"22 city/31 hwy | 4-cyl, Turbo Gas, 1.8L | Rear Wheel Drive | Automatic | White/Tan |  | "
105,24999052,2017 Lexus GX 460,"$33,998*",62K miles,,"15 city/18 hwy | 8-cyl, Gas, 4.6L | Four Wheel Drive | Automatic | White/Brown |  | "
106,25215515,2018 Audi Q5 Premium Plus,"$27,998*",48K miles,,"23 city/27 hwy | 4-cyl, Turbo Gas, 2.0L | All Wheel Drive | Automatic | White/Brown |  | "
107,25471722,2020 Volkswagen Tiguan S,"$19,998*",26K miles,,"22 city/29 hwy | 4-cyl, Turbo Gas, 2.0L | Front Wheel Drive | Automatic | Black/Black |  | "
108,25268039,2016 Chevrolet Silverado 1500 Work Truck,"$20,998*",117K miles,,"18 city/24 hwy | 6-cyl, Gas, 4.3L | Rear Wheel Drive | Automatic | 6.5 ft | White/Gray |  | "
109,24283616,2016 Jeep Cherokee Latitude,"$16,998*",65K miles,,"21 city/28 hwy | 4-cyl, Gas, 2.4L | Four Wheel Drive | Automatic | Silver/Black |  | "
110,24862196,2020 Land Rover Discovery Sport S,"$25,998*",41K miles,,"20 city/27 hwy | 4-cyl, Turbo Gas, 2.0L | Four Wheel Drive | Automatic | White/Black |  | "
111,25268927,2018 Honda Accord Sport,"$26,998*",30K miles,,"22 city/32 hwy | 4-cyl, Turbo Gas, 2.0L | Front Wheel Drive | Automatic | Red/Black |  | "
112,25515966,2018 Honda Civic SI,Price unavailable*,41K miles,,"28 city/38 hwy | 4-cyl, Turbo Gas, 1.5L | Front Wheel Drive | Manual 5 Speed | Gray/Black |  | "
113,24733550,2017 Hyundai Elantra SE,Price unavailable*,51K miles,,"29 city/38 hwy | 4-cyl, Gas, 2.0L | Front Wheel Drive | Automatic | Gold/Tan |  | "
114,25215397,2015 Ford F150 XLT,Price unavailable*,71K miles,,"18 city | 6-cyl, Turbo Gas, 2.7L | Four Wheel Drive | Automatic | White/Gray |  | "
115,25351685,2022 Nissan Altima SV,Price unavailable*,43K miles,,"27 city/37 hwy | 4-cyl, Gas, 2.5L | Front Wheel Drive | Automatic | Silver/Black |  | "
116,25485763,2021 BMW X5 xDrive40i,"$42,998*",39K miles,,"6-cyl, Turbo Gas, 3.0L | All Wheel Drive | Automatic | White/Brown |  | "
117,24759610,2019 Subaru Ascent Premium,Price unavailable*,54K miles,,"21 city/27 hwy | 4-cyl, Turbo Gas, 2.4L | All Wheel Drive | Automatic | Brown/Black |  | "
118,24955288,2020 Kia Optima LX,Price unavailable*,46K miles,,"25 city/35 hwy | 4-cyl, Gas, 2.4L | Front Wheel Drive | Automatic | Purple/Black |  | "
119,25276158,2014 Jeep Compass Sport,"$13,998*",88K miles,,"23 city/30 hwy | 4-cyl, Gas, 2.0L | Automatic | Gray/Black |  | "
120,25210978,2021 Audi Q5 Premium Plus,"$30,998*",34K miles,,"4-cyl, Turbo Gas, 2.0L | All Wheel Drive | Automatic | Silver/Black |  | "
121,24956859,2020 Acura MDX,"$30,998*",32K miles,,"20 city/27 hwy | 6-cyl, Gas, 3.5L | Front Wheel Drive | Automatic | White/Black |  | "
122,25305848,2021 Mercedes-Benz GLB250,Price unavailable*,40K miles,,"4-cyl, Turbo Gas, 2.0L | All Wheel Drive | Automatic | White/Black |  | "
123,24271467,2013 Nissan Altima SV,Price unavailable*,118K miles,,"27 city/38 hwy | 4-cyl, Gas, 2.5L | Front Wheel Drive | Automatic | Silver/Black |  | "
124,24934925,2020 Hyundai Palisade Limited,"$33,998*",52K miles,,"19 city/24 hwy | 6-cyl, Gas, 3.8L | All Wheel Drive | Automatic | White/Tan |  | "
125,25306950,2015 Nissan Pathfinder S,Price unavailable*,61K miles,,"20 city/27 hwy | 6-cyl, Gas, 3.5L | Front Wheel Drive | Automatic | Gray/Black |  | "
126,24759771,2017 Chevrolet Tahoe LT,"$29,998*",100K miles,,"16 city/22 hwy | 8-cyl, Gas, 5.3L | Four Wheel Drive | Automatic | Black/Black |  | "
127,25317338,2016 Chevrolet Spark EV LT,Price unavailable*,46K miles,,Electric | Front Wheel Drive | Automatic | White/Black |  | 
128,24686948,2022 Toyota Prius XLE,"$27,998*",20K miles,,"4-cyl, Hybrid, 1.8L | Front Wheel Drive | Automatic | White/Black |  | "
129,25010156,2012 Mazda Mazda3 I Touring,Price unavailable*,103K miles,,"24 city/33 hwy | 4-cyl, Gas, 2.0L | Front Wheel Drive | Automatic | Blue/Black |  | "
130,25010810,2013 Honda Odyssey EX-L,"$19,998*",68K miles,,"18 city/27 hwy | 6-cyl, Gas, 3.5L | Front Wheel Drive | Automatic | Burgundy/Gray |  | "
131,24284761,2012 Dodge Challenger SXT,Price unavailable*,88K miles,"Low Miles Per Year
Less than 9,000 miles per year | The Basics
Smart Key, Alloy Wheels, Rear Spoiler, Cloth Seats, Cruise Control | Optional MaxCare® plan
Coverage up to 150000 odometer miles or 48 months Learn More","18 city/27 hwy | 6-cyl, Gas, 3.6L | Rear Wheel Drive | Automatic | Black/Black | None | "
132,24332762,2013 Ford Escape SE,Price unavailable*,128K miles,,"23 city/33 hwy | 4-cyl, Turbo Gas, 1.6L | Front Wheel Drive | Automatic | White/Black |  | "
133,24912478,2020 Kia Soul S,"$15,998*",70K miles,,"29 city/35 hwy | 4-cyl, Gas, 2.0L | Front Wheel Drive | Automatic | Gray/Black |  | "
134,25305829,2013 Volkswagen Passat SE,"$11,599*",100K miles,,"22 city/31 hwy | 5-cyl, Gas, 2.5L | Front Wheel Drive | Automatic | Silver/Black |  | "
135,25078873,2012 Ford Explorer XLT,Price unavailable*,118K miles,,"17 city/23 hwy | 6-cyl, Gas, 3.5L | Four Wheel Drive | Automatic | Gray/Tan |  | "
136,25317216,2017 Hyundai Elantra Limited,"$17,998*",20K miles,,"29 city/38 hwy | 4-cyl, Gas, 2.0L | Front Wheel Drive | Automatic | Red/Gray |  | "
137,24285188,2014 Nissan Altima S,"$11,599*",126K miles,,"27 city/38 hwy | 4-cyl, Gas, 2.5L | Front Wheel Drive | Automatic | White/Tan |  | "
138,25040036,2015 Dodge Grand Caravan R/T,"$24,998*",13K miles,,"17 city/25 hwy | 6-cyl, Gas, 3.6L | Front Wheel Drive | Automatic | White/Black |  | "
139,25317073,2019 Honda Civic EX,"$23,998*",26K miles,,"31 city/40 hwy | 4-cyl, Turbo Gas, 1.5L | Front Wheel Drive | Automatic | Gray/Black |  | "
140,25052276,2018 BMW 330 I,"$22,998*",24K miles,,"24 city/34 hwy | 4-cyl, Turbo Gas, 2.0L | Rear Wheel Drive | Automatic | Black/Black |  | "
141,25223685,2017 Nissan Titan PRO-4X,Price unavailable*,124K miles,,"15 city/20 hwy | 8-cyl, Gas, 5.6L | Four Wheel Drive | Automatic | 5.5 ft | Silver/Black |  | "
142,25306994,2013 Nissan Versa SV,"$9,998*",108K miles,,"31 city/40 hwy | 4-cyl, Gas, 1.6L | Front Wheel Drive | Automatic | Gray/Black |  | "
143,25052379,2019 Subaru Outback 2.5I Premium,Price unavailable*,55K miles,,"25 city/32 hwy | 4-cyl, Gas, 2.5L | All Wheel Drive | Automatic | Blue/Black |  | "
144,24172225,2014 Nissan Frontier S,Price unavailable*,77K miles,,"17 city/23 hwy | 4-cyl, Gas, 2.5L | Rear Wheel Drive | Automatic | 6 ft | Black/Gray |  | "
145,25509957,2020 Dodge Charger Scat Pack,Price unavailable*,26K miles,,"15 city/24 hwy | 8-cyl, Gas, 6.4L | Rear Wheel Drive | Automatic | Gray/Black |  | "
146,24817951,2019 Honda Odyssey EX-L,"$27,998*",52K miles,,"19 city/28 hwy | 6-cyl, Gas, 3.5L | Front Wheel Drive | Automatic | Burgundy/Black |  | "
147,24285016,2020 Toyota C-HR LE,"$21,998*",33K miles,,"27 city/31 hwy | 4-cyl, Gas, 2.0L | Front Wheel Drive | Automatic | Black/Black |  | "
148,24371675,2014 BMW 320 XI,Price unavailable*,69K miles,,"23 city/35 hwy | 4-cyl, Turbo Gas, 2.0L | All Wheel Drive | Automatic | Black/Black |  | "
149,24913092,2024 Toyota Camry LE,"$28,998*",7K miles,,"4-cyl, Gas, 2.5L | Front Wheel Drive | Automatic | White/Black |  | "
150,25398007,2023 Toyota Camry SE,"$27,998*",10K miles,,"4-cyl, Gas, 2.5L | Front Wheel Drive | Automatic | White/Black |  | "
151,25307391,2016 Audi A3 Premium,"$15,998*",86K miles,,"23 city/33 hwy | 4-cyl, Turbo Gas, 1.8L | Front Wheel Drive | Automatic | Silver/Black |  | "
152,25039580,2017 Ford Fusion SE,"$13,998*",108K miles,,"4-cyl, Turbo Gas, 1.5L | Front Wheel Drive | Automatic | Gray/Black |  | "
153,25306585,2013 Mini Cooper,Price unavailable*,51K miles,,"29 city/37 hwy | 4-cyl, Gas, 1.6L | Automatic | Gray/Black |  | "
154,24915634,2020 Hyundai Sonata SE,"$19,998*",39K miles,,"28 city/38 hwy | 4-cyl, Gas, 2.5L | Front Wheel Drive | Automatic | Black/Gray |  | "
155,25398075,2015 Toyota RAV4 XLE,"$19,998*",72K miles,,"24 city/31 hwy | 4-cyl, Gas, 2.5L | Front Wheel Drive | Automatic | White/Gray |  | "
156,25222935,2019 Tesla Model 3 Standard Range Plus,Price unavailable*,27K miles,,Electric | Rear Wheel Drive | Automatic | White/White |  | 
157,25078863,2019 Nissan Sentra SV,"$16,998*",44K miles,,"29 city/37 hwy | 4-cyl, Gas, 1.8L | Front Wheel Drive | Automatic | Gray/Black |  | "
158,24687171,2020 Tesla Model 3 Long Range,Price unavailable*,18K miles,,Electric | All Wheel Drive | Automatic | White/Black |  | 
159,25306080,2020 Volkswagen Golf TSI,"$20,998*",21K miles,,"4-cyl, Turbo Gas, 1.4L | Front Wheel Drive | Automatic | Black/Black |  | "
160,25486164,2021 Nissan Rogue SV,Price unavailable*,43K miles,,"25 city/32 hwy | 4-cyl, Gas, 2.5L | All Wheel Drive | Automatic | White/Gray |  | "
161,25428773,2021 Audi Q7 Premium Plus,"$33,998*",56K miles,,"6-cyl, Turbo Gas, 3.0L | All Wheel Drive | Automatic | White/Black |  | "
162,24760311,2016 Toyota Sienna LE,"$26,998*",23K miles,,"18 city/25 hwy | 6-cyl, Gas, 3.5L | Front Wheel Drive | Automatic | White/Gray |  | "
163,25397912,2015 Kia Soul +,"$12,998*",86K miles,"New Tires
Replaced 4 tires to meet our standards | Well-Equipped
Rear View Camera, Bluetooth Technology, Alloy Wheels, Cloth Seats, Cruise Control | Optional MaxCare® plan
Coverage up to 150000 odometer miles or 48 months Learn More","23 city/31 hwy | 4-cyl, Gas, 2.0L | Front Wheel Drive | Automatic | Red/Black |  | "
164,25224206,2012 Honda Ridgeline RTL,"$19,998*",104K miles,,"15 city/21 hwy | 6-cyl, Gas, 3.5L | Four Wheel Drive | Automatic | Black/Black |  | "
165,25486453,2022 Jeep Wrangler Willy's,"$36,998*",14K miles,,"4-cyl, Turbo Gas, 2.0L | Automatic | White/Black |  | "
166,24963433,2013 Dodge Challenger SXT,Price unavailable*,93K miles,,"18 city/27 hwy | 6-cyl, Gas, 3.6L | Rear Wheel Drive | Automatic | Gray/Red |  | "
167,25317455,2021 Tesla Model 3 Long Range,Price unavailable*,52K miles,,Electric | All Wheel Drive | Automatic | Black/Black |  | 
168,25306682,2013 Dodge Dart Rallye,Price unavailable*,35K miles,,"27 city | 4-cyl, Turbo Gas, 1.4L | Front Wheel Drive | Manual 6 Speed | Yellow/Black |  | "
169,25040286,2021 Mazda CX-5 Touring,"$24,998*",36K miles,,"24 city/30 hwy | 4-cyl, Gas, 2.5L | All Wheel Drive | Automatic | Black/Black |  | "
170,24484501,2017 Infiniti QX70,"$19,998*",73K miles,,"17 city/24 hwy | 6-cyl, Gas, 3.7L | Rear Wheel Drive | Automatic | Black/Black |  | "
171,25079283,2018 Honda HR-V EX-L,"$20,998*",47K miles,,"28 city/34 hwy | 4-cyl, Gas, 1.8L | Front Wheel Drive | Automatic | Gray/Gray |  | "
172,25306297,2015 Mazda Mazda6 I Touring,"$13,599*",110K miles,,"26 city/38 hwy | 4-cyl, Gas, 2.5L | Front Wheel Drive | Automatic | Blue/Cream |  | "
173,25317429,2022 Toyota Camry XSE,Price unavailable*,17K miles,,"32 hwy | 6-cyl, Gas, 3.5L | Front Wheel Drive | Automatic | Silver/Red |  | "
174,25051997,2023 Subaru Crosstrek,"$28,998*",8K miles,,"28 city/33 hwy | 4-cyl, Gas, 2.0L | All Wheel Drive | Automatic | Silver/Black |  | "
175,25305912,2020 Honda Civic EX,Price unavailable*,6K miles,,"32 city/42 hwy | 4-cyl, Turbo Gas, 1.5L | Front Wheel Drive | Automatic | White/Black |  | "
176,25317542,2018 Buick Encore Preferred,"$17,998*",24K miles,,"25 city/33 hwy | 4-cyl, Turbo Gas, 1.4L | Front Wheel Drive | Automatic | Gray/Black |  | "
177,25306268,2016 Volkswagen Golf R,"$21,998*",81K miles,,"22 city/31 hwy | 4-cyl, Turbo Gas, 2.0L | All Wheel Drive | Manual 6 Speed | Blue/Black |  | "
178,25010668,2015 Buick Encore,Price unavailable*,47K miles,,"25 city/33 hwy | 4-cyl, Turbo Gas, 1.4L | Front Wheel Drive | Automatic | White/Black |  | "
179,25010412,2014 Lexus ES 350,Price unavailable*,87K miles,,"21 city/31 hwy | 6-cyl, Gas, 3.5L | Front Wheel Drive | Automatic | Black/Black |  | "
180,25515900,2019 Mazda CX-9 Sport,"$21,998*",51K miles,,"22 city/28 hwy | 4-cyl, Turbo Gas, 2.5L | Front Wheel Drive | Automatic | White/Black |  | "
181,24912868,2017 Ford Escape SE,"$13,998*",125K miles,,"23 city/30 hwy | 4-cyl, Turbo Gas, 1.5L | Front Wheel Drive | Automatic | Black/Gray |  | "
182,25039982,2017 Volvo XC60 T5 Inscription,"$19,998*",65K miles,,"23 city/31 hwy | 4-cyl, Turbo Gas, 2.0L | Front Wheel Drive | Automatic | Blue/Black |  | "
183,25276992,2023 Toyota Camry LE,Price unavailable*,5K miles,,"4-cyl, Gas, 2.5L | Front Wheel Drive | Automatic | White/Black |  | "
184,25515802,2018 Chevrolet Suburban 1500 LT,"$32,998*",86K miles,,"15 city/22 hwy | 8-cyl, Gas, 5.3L | Four Wheel Drive | Automatic | White/Tan |  | "
185,23184510,2018 Tesla Model X 100D,"$49,998*",37K miles,,Electric | All Wheel Drive | Automatic | Silver/Black |  | 
186,25397630,2015 Toyota Sienna XLE,Price unavailable*,41K miles,,"18 city/25 hwy | 6-cyl, Gas, 3.5L | Front Wheel Drive | Automatic | Red/Tan |  | "
187,25276265,2021 Mercedes-Benz A35 AMG,Price unavailable*,24K miles,,"4-cyl, Turbo Gas, 2.0L | All Wheel Drive | Automatic | White/Black |  | "
188,25515963,2017 Ford C-Max SE Energi,"$13,998*",69K miles,,"4-cyl, Plug-in Hybrid, 2.0L | Front Wheel Drive | Automatic | Black/Cream |  | "
189,25305828,2013 BMW 535 I,"$20,998*",58K miles,,"20 city/30 hwy | 6-cyl, Turbo Gas, 3.0L | Rear Wheel Drive | Automatic | White/Black |  | "
190,25516011,2021 Toyota Camry SE,"$21,998*",50K miles,,"4-cyl, Gas, 2.5L | Front Wheel Drive | Automatic | Blue/Black |  | "
191,24762594,2013 Chevrolet Volt,"$11,998*",104K miles,,"35 city/40 hwy | 4-cyl, Plug-in Hybrid, 1.4L | Front Wheel Drive | Automatic | Silver/Blue |  | "
192,25010860,2014 Kia Forte EX,Price unavailable*,62K miles,,"24 city/36 hwy | 4-cyl, Gas, 2.0L | Front Wheel Drive | Automatic | Silver/Gray |  | "
193,25307192,2021 Mercedes-Benz GLE350,"$43,998*",25K miles,,"19 city/26 hwy | 4-cyl, Turbo Gas, 2.0L | All Wheel Drive | Automatic | White/Black |  | "
194,25010176,2019 Honda Fit LX,"$18,998*",36K miles,,"33 city/40 hwy | 4-cyl, Gas, 1.5L | Front Wheel Drive | Automatic | Gray/Black |  | "
195,25039735,2012 Nissan Frontier SV,"$15,998*",101K miles,,"15 city/20 hwy | 6-cyl, Gas, 4.0L | Rear Wheel Drive | Automatic | 4.5 ft | Black/Gray |  | "
196,24914932,2018 Tesla Model 3 Long Range,"$26,998*",67K miles,,Electric | Rear Wheel Drive | Automatic | Gray/Black |  | 
197,25052525,2018 Toyota RAV4 XLE,Price unavailable*,33K miles,,"23 city/30 hwy | 4-cyl, Gas, 2.5L | Front Wheel Drive | Automatic | Gray/Black |  | "
198,25397726,2021 Mazda Mazda3 Preferred,Price unavailable*,15K miles,,"26 city/35 hwy | 4-cyl, Gas, 2.5L | Front Wheel Drive | Automatic | Gray/Black |  | "
199,24679584,2018 Tesla Model 3 Long Range,"$25,998*",49K miles,,Electric | Rear Wheel Drive | Automatic | Gray/Black |  | 
200,24680133,2021 Hyundai Kona SE,"$21,998*",19K miles,,"27 city/33 hwy | 4-cyl, Gas, 2.0L | Front Wheel Drive | Automatic | White/Black |  | "
201,25306897,2018 BMW 330 I,"$20,998*",52K miles,,"24 city/34 hwy | 4-cyl, Turbo Gas, 2.0L | Rear Wheel Drive | Automatic | Gray/Black |  | "
202,24834272,2019 Kia Optima LX,"$14,599*",70K miles,,"24 city/33 hwy | 4-cyl, Gas, 2.4L | Front Wheel Drive | Automatic | Silver/Black |  | "
203,25276680,2017 Ford F150 XLT,Price unavailable*,99K miles,,"17 city/23 hwy | 6-cyl, Gas, 3.5L | Four Wheel Drive | Automatic | White/Gray |  | "
204,25268093,2020 Ford Escape Hybrid SE Sport,"$22,998*",34K miles,,"44 city/37 hwy | 4-cyl, Hybrid, 2.5L | Front Wheel Drive | Automatic | Black/Gray |  | "
205,25217525,2022 Toyota RAV4 LE,"$27,998*",27K miles,,"27 city/34 hwy | 4-cyl, Gas, 2.5L | All Wheel Drive | Automatic | Silver/Black |  | "
206,25515985,2017 Honda Pilot EX-L,Price unavailable*,48K miles,"Single Owner
Reported by AutoCheck® View History Report | New Pair of Tires
Replaced 2 tires to meet our standards | Low Miles Per Year
Less than 9,000 miles per year","19 city/27 hwy | 6-cyl, Gas, 3.5L | Front Wheel Drive | Automatic | Black/Black |  | "
207,25040372,2016 Nissan Rogue SV,Price unavailable*,96K miles,,"26 city/33 hwy | 4-cyl, Gas, 2.5L | Front Wheel Drive | Automatic | Blue/Tan |  | "
208,25039669,2021 Subaru Forester,Price unavailable*,30K miles,,"26 city/33 hwy | 4-cyl, Gas, 2.5L | All Wheel Drive | Automatic | Green/Gray |  | "
209,24687529,2020 BMW X5 xDrive40i,Price unavailable*,46K miles,,"20 city/26 hwy | 6-cyl, Turbo Gas, 3.0L | All Wheel Drive | Automatic | White/Black |  | "
210,25009870,2019 BMW X7 XDrive50i,Price unavailable*,44K miles,"Low Miles Per Year
Less than 9,000 miles per year | Loaded
Panoramic Sunroof, Seat Massagers, Third Row Seat, A/C Seat(s), Automated Cruise Control | Premium Audio
Harman Kardon Sound","15 city/21 hwy | 8-cyl, Turbo Gas, 4.4L | All Wheel Drive | Automatic | Black/Black |  | "
211,25317307,2017 Ford Explorer XLT,"$17,998*",102K miles,,"16 city/23 hwy | 6-cyl, Gas, 3.5L | Four Wheel Drive | Automatic | Gray/Black |  | "
212,25516019,2016 Volkswagen Tiguan SE,Price unavailable*,71K miles,,"21 city/26 hwy | 4-cyl, Turbo Gas, 2.0L | Front Wheel Drive | Automatic | Black/Black |  | "
213,25039377,2018 Audi A4 Premium,"$20,998*",51K miles,,"27 city/37 hwy | 4-cyl, Turbo Gas, 2.0L | Front Wheel Drive | Automatic | Black/Black |  | "
214,25222733,2019 Toyota Tacoma TRD Off Road,"$36,998*",60K miles,,"18 city/22 hwy | 6-cyl, Gas, 3.5L | Four Wheel Drive | Automatic | Blue/Black |  | "
215,24912129,2021 Ford Escape Hybrid Titanium,Price unavailable*,44K miles,,"4-cyl, , 2.5L | Automatic | Blue/Black |  | "
216,25306173,2018 Toyota RAV4 LE,"$25,998*",7K miles,,"23 city/30 hwy | 4-cyl, Gas, 2.5L | Front Wheel Drive | Automatic | White/Black |  | "
217,25516392,2019 Kia Soul +,Price unavailable*,94K miles,,"25 city/30 hwy | 4-cyl, Gas, 2.0L | Front Wheel Drive | Automatic | Gray/Black |  | "
218,25079468,2017 BMW X1 XDrive28i,"$19,998*",48K miles,"Single Owner
Reported by AutoCheck® View History Report | New Tires
Replaced 4 tires to meet our standards | Low Miles Per Year
Less than 9,000 miles per year","22 city/31 hwy | 4-cyl, Turbo Gas, 2.0L | All Wheel Drive | Automatic | Black/Black |  | "
219,24999946,2014 Dodge Challenger SRT-8 SRT8 Core,Price unavailable*,43K miles,"Single Owner
Reported by AutoCheck® View History Report | Low Miles Per Year
Less than 9,000 miles per year | Well-Equipped
Bluetooth Technology, 20 Inch Plus Wheels, Smart Key, Alloy Wheels, Rear Spoiler","14 city/23 hwy | 8-cyl, Gas, 6.4L | Rear Wheel Drive | Manual 5 Speed | Black/Black |  | "
220,25306049,2022 BMW 228 I Gran Coupe,"$27,998*",35K miles,"Single Owner
Reported by AutoCheck® View History Report | Well-Equipped
Panoramic Sunroof, Navigation System, Apple CarPlay, Heated Steering Wheel, Lane Departure Warning | Manufacturer Warranty
Balance of 4 Years or 50,000 Miles may apply. See store for details Learn More","4-cyl, Turbo Gas, 2.0L | Front Wheel Drive | Automatic | Black/Black |  | "
221,25305696,2013 Ford Focus SE,"$11,599*",87K miles,"Low Miles Per Year
Less than 9,000 miles per year | Well-Equipped
Parking Sensors, Front Seat Heaters, Bluetooth Technology, Alloy Wheels, Rear Spoiler | Fuel Efficient
26 City / 36 Hwy","26 city/36 hwy | 4-cyl, Gas, 2.0L | Automatic | Silver/Black | None | "
222,24751022,2019 Jeep Cherokee Latitude,"$16,998*",74K miles,"Single Owner
Reported by AutoCheck® View History Report | New Pair of Tires
Replaced 2 tires to meet our standards | The Basics
Apple CarPlay, Rear View Camera, Bluetooth Technology, Alloy Wheels, Cloth Seats","22 city/31 hwy | 4-cyl, Gas, 2.4L | Front Wheel Drive | Automatic | White/Black |  | "
223,25281928,2015 BMW 328 I,Price unavailable*,57K miles,"Cosmetic photos available
Not yet available on all cars
Take a closer look at the interior and exterior condition of this car. See Photos | Single Owner
Reported by AutoCheck® View History Report | Low Miles Per Year
Less than 9,000 miles per year","23 city/35 hwy | 4-cyl, Turbo Gas, 2.0L | Rear Wheel Drive | Automatic | White/Black |  | "
224,25306931,2021 Ram 1500 Limited,Price unavailable*,24K miles,"Single Owner
Reported by AutoCheck® View History Report | New Tires
Replaced 4 tires to meet our standards | Low Miles Per Year
Less than 9,000 miles per year","21 city | 6-cyl, Turbo Diesel, 3.0L | Four Wheel Drive | Automatic | 5.5 ft | Black/Black |  | "
225,25516128,2021 Toyota Prius LE,"$24,998*",33K miles,"Single Owner
Reported by AutoCheck® View History Report | Well-Equipped
Automated Cruise Control, Apple CarPlay, Lane Departure Warning, Parking Sensors, Blind Spot Monitor | Manufacturer Warranty
Balance of 3 Years or 36,000 Miles may apply. See store for details Learn More","54 city/50 hwy | 4-cyl, Hybrid, 1.8L | Front Wheel Drive | Automatic | Black/Tan |  | "
226,25316581,2013 Volkswagen GTI 2.0T,Price unavailable*,88K miles,"Single Owner
Reported by AutoCheck® View History Report | New Pair of Tires
Replaced 2 tires to meet our standards | Low Miles Per Year
Less than 9,000 miles per year","24 city/33 hwy | 4-cyl, Turbo Gas, 2.0L | Front Wheel Drive | Automatic | Gray/Black | None | "
227,25039692,2017 Volkswagen Jetta S,"$13,998*",63K miles,"Low Miles Per Year
Less than 9,000 miles per year | The Basics
Rear View Camera, Turbo charged engine, Bluetooth Technology, Cloth Seats, Cruise Control | Fuel Efficient
28 City / 38 Hwy","28 city/38 hwy | 4-cyl, Turbo Gas, 1.4L | Front Wheel Drive | Automatic | Blue/Gray |  | "
228,25305994,2018 Volkswagen Tiguan SE,Price unavailable*,52K miles,"Single Owner
Reported by AutoCheck® View History Report | Low Miles Per Year
Less than 9,000 miles per year | Well-Equipped
Panoramic Sunroof, Third Row Seat, Apple CarPlay, Leatherette Seats, Blind Spot Monitor","22 city/27 hwy | 4-cyl, Turbo Gas, 2.0L | Front Wheel Drive | Automatic | White/Gray |  | "
229,25079220,2022 Toyota Prius LE,"$25,998*",22K miles,"Single Owner
Reported by AutoCheck® View History Report | Well-Equipped
Automated Cruise Control, Apple CarPlay, Lane Departure Warning, Parking Sensors, Blind Spot Monitor | Manufacturer Warranty
Balance of 3 Years or 36,000 Miles may apply. See store for details Learn More","4-cyl, Hybrid, 1.8L | Front Wheel Drive | Automatic | Gray/Black |  | "
230,25344309,2014 Mercedes-Benz C250 Sport,"$16,998*",41K miles,"Low Miles Per Year
Less than 9,000 miles per year | Well-Equipped
Sunroof(s), Leatherette Seats, Turbo charged engine, Bluetooth Technology, Smart Key | Optional MaxCare® plan
Coverage up to 125000 odometer miles or 60 months Learn More","22 city/31 hwy | 4-cyl, Turbo Gas, 1.8L | Rear Wheel Drive | Automatic | White/Black |  | "
231,25011144,2022 Mazda CX-30 Preferred,"$24,998*",8K miles,"Single Owner
Reported by AutoCheck® View History Report | New Pair of Tires
Replaced 2 tires to meet our standards | Low Mileage
Under 20,000 Miles","24 city/31 hwy | 4-cyl, Gas, 2.5L | All Wheel Drive | Automatic | White/Black |  | "
232,25316587,2020 Hyundai Kona Limited,Price unavailable*,23K miles,"Single Owner
Reported by AutoCheck® View History Report | Low Miles Per Year
Less than 9,000 miles per year | Well-Equipped
Leather Seats, Sunroof(s), Apple CarPlay, Lane Departure Warning, Blind Spot Monitor","28 city/32 hwy | 4-cyl, Turbo Gas, 1.6L | Front Wheel Drive | Automatic | Gray/Black | None | "
233,25362851,2018 Mitsubishi Outlander Plug in Hybrid SEL,"$19,998*",57K miles,"Single Owner
Reported by AutoCheck® View History Report | Well-Equipped
4WD/AWD, Leather Seats, Apple CarPlay, Blind Spot Monitor, Rear View Camera | Optional MaxCare® plan
Coverage up to 150000 odometer miles or 60 months Learn More","4-cyl, Plug-in Hybrid, 2.0L | Four Wheel Drive | Automatic | Red/Brown |  | "
234,24761391,2019 Kia Niro Plug in Hybrid LX,"$23,998*",20K miles,"Low Mileage
Under 20,000 Miles | Well-Equipped
Automated Cruise Control, Apple CarPlay, Lane Departure Warning, Rear View Camera, Bluetooth Technology | Manufacturer Warranty
Balance of 5 Years or 60,000 Miles may apply. See store for details Learn More","4-cyl, Plug-in Hybrid, 1.6L | Front Wheel Drive | Automatic | Gray/Gray |  | "
235,24499296,2021 Volkswagen ID.4 EV Pro,Price unavailable*,16K miles,"Single Owner
Reported by AutoCheck® View History Report | Low Mileage
Under 20,000 Miles | Well-Equipped
Automated Cruise Control, Apple CarPlay, Heated Steering Wheel, Lane Departure Warning, Parking Sensors",Electric | Rear Wheel Drive | Automatic | White/Black |  | 
236,25306180,2018 Audi A5 Premium Plus,"$23,998*",57K miles,"Loaded
Panoramic Sunroof, 4WD/AWD, Leather Seats, Navigation System, Apple CarPlay | Premium Audio
Bang & Olufsen Audio | Optional MaxCare® plan
Coverage up to 125000 odometer miles or 60 months Learn More","24 city/34 hwy | 4-cyl, Turbo Gas, 2.0L | All Wheel Drive | Automatic | White/Brown |  | "
237,25516371,2018 BMW 320 I,"$20,998*",30K miles,"Low Miles Per Year
Less than 9,000 miles per year | Well-Equipped
Leather Seats, Sunroof(s), Leatherette Seats, Run Flat Tires, Blind Spot Monitor | Optional MaxCare® plan
Coverage up to 125000 odometer miles or 60 months Learn More","24 city/35 hwy | 4-cyl, Turbo Gas, 2.0L | Rear Wheel Drive | Automatic | Silver/Black |  | "
238,25011275,2020 Honda Civic LX,"$20,998*",53K miles,"Single Owner
Reported by AutoCheck® View History Report | Well-Equipped
Automated Cruise Control, Lane Departure Warning, Rear View Camera, Remote Start, Bluetooth Technology | Fuel Efficient
30 City / 38 Hwy","30 city/38 hwy | 4-cyl, Gas, 2.0L | Front Wheel Drive | Automatic | Black/Black |  | "
239,25217653,2021 BMW 330 Plug In Hybrid e,"$31,998*",26K miles,"Single Owner
Reported by AutoCheck® View History Report | Low Miles Per Year
Less than 9,000 miles per year | Well-Equipped
Navigation System, Sunroof(s), Apple CarPlay, Parking Sensors, Leatherette Seats","4-cyl, , 2.0L | Automatic | White/Tan |  | "
240,25305958,2013 Mercedes-Benz C250 Sport,"$14,998*",66K miles,"New Pair of Tires
Replaced 2 tires to meet our standards | Low Miles Per Year
Less than 9,000 miles per year | Well-Equipped
Sunroof(s), Leatherette Seats, Front Seat Heaters, Turbo charged engine, Harman Kardon Sound","21 city/31 hwy | 4-cyl, Turbo Gas, 1.8L | Rear Wheel Drive | Automatic | Gray/Black | None | "
241,24964723,2020 Jeep Wrangler Unlimited Sahara Altitude,"$36,998*",34K miles,"Low Miles Per Year
Less than 9,000 miles per year | Loaded
Hard Top, 4WD/AWD, Navigation System, Apple CarPlay, Running Boards | Optional MaxCare® plan
Coverage up to 150000 odometer miles or 60 months Learn More","17 city/23 hwy | 6-cyl, Gas, 3.6L | Automatic | Black/Black |  | "
242,24713408,2022 Honda Odyssey Elite,"$40,998*",20K miles,"Single Owner
Reported by AutoCheck® View History Report | Low Mileage
Under 20,000 Miles | Loaded
Rear Entertainment System, Third Row Seat, A/C Seat(s), Automated Cruise Control, Leather Seats","6-cyl, Gas, 3.5L | Front Wheel Drive | Automatic | Black/Black |  | "
243,24165874,2016 Jeep Grand Cherokee SRT,"$37,998*",113K miles,"New Tires
Replaced 4 tires to meet our standards | Loaded
Panoramic Sunroof, A/C Seat(s), Automated Cruise Control, 4WD/AWD, Navigation System | Premium Audio
Harman Kardon Sound","13 city/19 hwy | 8-cyl, Gas, 6.4L | Four Wheel Drive | Automatic | Red/Black |  | "
244,24914218,2021 Volkswagen Atlas S,"$24,998*",45K miles,"Single Owner
Reported by AutoCheck® View History Report | New Pair of Tires
Replaced 2 tires to meet our standards | The Basics
Third Row Seat, Apple CarPlay, Blind Spot Monitor, Rear View Camera, Turbo charged engine","21 city/24 hwy | 4-cyl, Turbo Gas, 2.0L | Front Wheel Drive | Automatic | White/Gray |  | "
245,23973694,2023 Toyota bZ4X Limited,Price unavailable*,1K miles,"Low Mileage
Under 20,000 Miles | Loaded
A/C Seat(s), Automated Cruise Control, Skylight(s), Apple CarPlay, Heated Steering Wheel | Manufacturer Warranty
Balance of 3 Years or 36,000 Miles may apply. See store for details Learn More",Electric | Front Wheel Drive | Automatic | White/Black |  | 
246,25379188,2022 Toyota Corolla SE,"$23,998*",10K miles,"Single Owner
Reported by AutoCheck® View History Report | Low Mileage
Under 20,000 Miles | Loaded
Automated Cruise Control, Apple CarPlay, Lane Departure Warning, Rear View Camera, Bluetooth Technology","31 city/40 hwy | 4-cyl, Gas, 2.0L | Front Wheel Drive | Automatic | White/Black |  | "
247,25316558,2018 Audi Q5 Premium,"$21,998*",57K miles,,"23 city/27 hwy | 4-cyl, Turbo Gas, 2.0L | All Wheel Drive | Automatic | Gray/Black |  | "
248,25010904,2016 Chevrolet Malibu LS,"$12,998*",110K miles,,"27 city/37 hwy | 4-cyl, Turbo Gas, 1.5L | Front Wheel Drive | Automatic | Silver/Black |  | "
249,24680804,2019 Land Rover Range Rover Sport SE,"$42,998*",45K miles,,"22 city/28 hwy | 6-cyl, , 3.0L | Four Wheel Drive | Automatic | White/Brown |  | "
250,25306828,2022 BMW X3 XDrive30i,"$30,998*",43K miles,,"4-cyl, Turbo Gas, 2.0L | All Wheel Drive | Automatic | Black/Black |  | "
251,25317282,2020 Honda Civic Sport,"$22,998*",60K miles,,"29 city/37 hwy | 4-cyl, Turbo Gas, 1.5L | Front Wheel Drive | Manual 5 Speed | Pearl/Black |  | "
252,24519840,2018 Chrysler Pacifica L,Price unavailable*,43K miles,,"18 city/28 hwy | 6-cyl, Gas, 3.6L | Front Wheel Drive | Automatic | White/Gray |  | "
253,25317450,2021 Subaru Crosstrek Limited,"$28,998*",12K miles,,"27 city/34 hwy | 4-cyl, Gas, 2.5L | All Wheel Drive | Automatic | Pearl/Black |  | "
254,25010871,2013 Subaru Outback 2.5I Premium,"$16,998*",78K miles,,"24 city/30 hwy | 4-cyl, Gas, 2.5L | All Wheel Drive | Automatic | Blue/Gray |  | "
255,25121278,2017 Porsche Macan,"$29,998*",46K miles,,"20 city/25 hwy | 4-cyl, Turbo Gas, 2.0L | All Wheel Drive | Automatic | Gray/Black |  | "
256,22025469,2016 Nissan Titan XD PRO-4X,"$34,998*",67K miles,,"8-cyl, Turbo Diesel, 5.0L | Four Wheel Drive | Automatic | Black/Black |  | "
257,25078522,2012 Toyota Sienna LE,Price unavailable*,82K miles,,"18 city/24 hwy | 6-cyl, Gas, 3.5L | Front Wheel Drive | Automatic | Black/Tan |  | "
258,25306545,2013 Mercedes-Benz C250 Luxury,"$15,998*",68K miles,,"21 city/31 hwy | 4-cyl, Turbo Gas, 1.8L | Rear Wheel Drive | Automatic | Black/Black |  | "
259,25316292,2018 Subaru Forester 2.5I Premium,"$18,998*",88K miles,,"26 city/32 hwy | 4-cyl, Gas, 2.5L | All Wheel Drive | Automatic | Blue/Gray |  | "
260,24915626,2017 Subaru Forester 2.5I,Price unavailable*,63K miles,,"26 city/32 hwy | 4-cyl, Gas, 2.5L | All Wheel Drive | Automatic | Silver/Gray |  | "
261,24935539,2018 Volkswagen Beetle S,Price unavailable*,33K miles,,"26 city/33 hwy | 4-cyl, Turbo Gas, 2.0L | Front Wheel Drive | Automatic | Blue/Black |  | "
262,25351722,2023 Toyota Camry SE,"$26,998*",15K miles,,"4-cyl, Gas, 2.5L | Front Wheel Drive | Automatic | White/Black |  | "
263,25079747,2022 Mazda CX-30 Select,"$24,998*",13K miles,,"24 city/31 hwy | 4-cyl, Gas, 2.5L | All Wheel Drive | Automatic | White/Black |  | "
264,24965919,2021 Subaru Crosstrek PHEV,"$29,998*",29K miles,,"4-cyl, Plug-in Hybrid, 2.0L | All Wheel Drive | Automatic | White/Gray |  | "
265,25078682,2015 Kia Soul,"$10,998*",96K miles,,"24 city/30 hwy | 4-cyl, Gas, 1.6L | Front Wheel Drive | Manual 5 Speed | Gray/Black |  | "
266,25276695,2020 Ford Escape Hybrid SE Sport,"$26,998*",29K miles,,"43 city/37 hwy | 4-cyl, Hybrid, 2.5L | All Wheel Drive | Automatic | Tan/Tan |  | "
267,25010921,2020 Volkswagen Jetta S,"$16,998*",29K miles,,"30 city/40 hwy | 4-cyl, Turbo Gas, 1.4L | Front Wheel Drive | Automatic | Gray/Black |  | "
268,25011167,2018 Nissan Rogue Sport S,"$15,998*",57K miles,,"25 city/32 hwy | 4-cyl, Gas, 2.0L | Front Wheel Drive | Automatic | Silver/Black |  | "
269,24719318,2020 Jaguar F-Pace 25t Premium,Price unavailable*,18K miles,,"22 city/27 hwy | 4-cyl, Turbo Gas, 2.0L | All Wheel Drive | Automatic | Black/Black |  | "
270,25515920,2016 Mini Cooper Countryman S,"$16,998*",48K miles,,"26 city/32 hwy | 4-cyl, Turbo Gas, 1.6L | Front Wheel Drive | Automatic | Blue/Black |  | "
271,25515977,2023 Volkswagen Atlas SEL R-Line Black,Price unavailable*,9K miles,,"6-cyl, Gas, 3.6L | All Wheel Drive | Automatic | Gray/Gray |  | "
272,25040220,2021 Mazda CX-5 Touring,Price unavailable*,32K miles,,"25 city/31 hwy | 4-cyl, Gas, 2.5L | Front Wheel Drive | Automatic | Black/Black |  | "
273,25305862,2018 Subaru Forester 2.0XT Premium,"$23,998*",51K miles,,"23 city/27 hwy | 4-cyl, Turbo Gas, 2.0L | All Wheel Drive | Automatic | Silver/Black |  | "
274,25040360,2020 Chrysler Pacifica Touring L,"$29,998*",19K miles,,"19 city/28 hwy | 6-cyl, Gas, 3.6L | Front Wheel Drive | Automatic | White/Black |  | "
275,25371150,2014 Mazda CX-5 Sport,"$14,998*",75K miles,,"26 city/32 hwy | 4-cyl, Gas, 2.0L | Front Wheel Drive | Automatic | Gray/Black |  | "
276,24863209,2020 Hyundai Veloster Premium,"$18,998*",33K miles,,"27 city/34 hwy | 4-cyl, Gas, 2.0L | Front Wheel Drive | Automatic | Gray/Black |  | "
277,24999184,2022 Ram 2500 Tradesman,"$39,998*",17K miles,,"8-cyl, Gas, 6.4L | Rear Wheel Drive | Automatic | Black/Black |  | "
278,25317378,2020 Hyundai Accent SE,Price unavailable*,26K miles,,"33 city/41 hwy | 4-cyl, Gas, 1.6L | Front Wheel Drive | Automatic | White/Black |  | "
279,24915336,2020 Hyundai Venue SEL,"$18,998*",23K miles,,"30 city/34 hwy | 4-cyl, Gas, 1.6L | Front Wheel Drive | Automatic | Black/Black |  | "
280,25224295,2018 Dodge Challenger SXT Plus,Price unavailable*,18K miles,,"19 city/30 hwy | 6-cyl, Gas, 3.6L | Rear Wheel Drive | Automatic | Silver/Black |  | "
281,25516141,2021 Subaru Outback Touring XT,"$33,998*",11K miles,,"4-cyl, Turbo Gas, 2.4L | All Wheel Drive | Automatic | Gray/Brown |  | "
282,25306711,2014 Mazda Mazda3 I Sport,"$14,998*",58K miles,,"30 city/40 hwy | 4-cyl, Gas, 2.0L | Front Wheel Drive | Automatic | Silver/Black |  | "
283,25040308,2021 Ford F150 Lariat,Price unavailable*,29K miles,,"16 city/22 hwy | 6-cyl, Turbo Hybrid, 3.5L | Four Wheel Drive | Automatic | Gray/Black |  | "
284,25078925,2023 Acura MDX SH-AWD Technology,Price unavailable*,8K miles,,"19 city/25 hwy | 6-cyl, Gas, 3.5L | All Wheel Drive | Automatic | White/Black |  | "
285,25397557,2021 Volvo XC40 T5 R-Design,Price unavailable*,24K miles,,"22 city/30 hwy | 4-cyl, Turbo Gas, 2.0L | All Wheel Drive | Automatic | Black/Black |  | "
286,25317571,2018 Audi A4 Premium Plus,"$23,998*",43K miles,,"24 city/34 hwy | 4-cyl, Turbo Gas, 2.0L | All Wheel Drive | Automatic | White/Brown |  | "
287,24999364,2020 Kia Sportage LX,"$17,998*",60K miles,,"4-cyl, Gas, 2.4L | Front Wheel Drive | Automatic | Silver/Black |  | "
288,25182455,2023 Kia Niro EX Touring,"$29,998*",5K miles,,"4-cyl, Hybrid, 1.6L | Front Wheel Drive | Automatic | White/Black |  | "
289,25379331,2021 Nissan NV 2500 SV,Price unavailable*,25K miles,,"6-cyl, Gas, 4.0L | Rear Wheel Drive | Automatic | White/Gray |  | "
290,24816484,2021 Ram 1500 Bighorn,Price unavailable*,36K miles,,"21 hwy | 8-cyl, Gas, 5.7L | Four Wheel Drive | Automatic | 6 ft | Green/Gray |  | "
291,24826110,2021 Mercedes-Benz GLC300,Price unavailable*,20K miles,,"4-cyl, Turbo Gas, 2.0L | Rear Wheel Drive | Automatic | White/Black |  | "
292,25229600,2015 Subaru Outback Premium,Price unavailable*,66K miles,,"25 city/33 hwy | 4-cyl, Gas, 2.5L | All Wheel Drive | Automatic | Green/Gray |  | "
293,25217557,2022 Toyota RAV4 LE,"$28,998*",33K miles,,"27 city/34 hwy | 4-cyl, Gas, 2.5L | All Wheel Drive | Automatic | White/Black |  | "
294,25305698,2019 Volkswagen Jetta S,"$14,998*",61K miles,,"30 city/40 hwy | 4-cyl, Turbo Gas, 1.4L | Front Wheel Drive | Automatic | Silver/Black |  | "
295,25306227,2020 Kia Niro LX,"$18,998*",76K miles,,"51 city/46 hwy | 4-cyl, Hybrid, 1.6L | Front Wheel Drive | Automatic | White/Black |  | "
296,25515740,2019 Toyota RAV4 XLE Premium,Price unavailable*,61K miles,,"26 city/35 hwy | 4-cyl, Gas, 2.5L | Front Wheel Drive | Automatic | Silver/Black |  | "
297,24829601,2019 Jeep Cherokee Latitude Plus,"$17,998*",58K miles,,"22 city/31 hwy | 4-cyl, Gas, 2.4L | Front Wheel Drive | Automatic | Black/Black |  | "
298,25471328,2021 Audi Q5 Premium,"$25,998*",52K miles,,"4-cyl, Turbo Gas, 2.0L | All Wheel Drive | Automatic | White/Black |  | "
299,25471124,2021 Audi Q7 Premium Plus,"$35,998*",52K miles,,"6-cyl, Turbo Gas, 3.0L | All Wheel Drive | Automatic | White/Black |  | "
300,25052196,2021 Mercedes-Benz GLC300,Price unavailable*,26K miles,,"21 city/28 hwy | 4-cyl, Turbo Gas, 2.0L | All Wheel Drive | Automatic | White/Tan |  | "
301,25040224,2019 Land Rover Discovery Sport SE,"$24,998*",43K miles,,"21 city/25 hwy | 4-cyl, Turbo Gas, 2.0L | Four Wheel Drive | Automatic | White/Black |  | "
302,25516008,2022 Toyota RAV4 Hybrid XLE,"$31,998*",51K miles,,"38 hwy | 4-cyl, Hybrid, 2.5L | All Wheel Drive | Automatic | Blue/Black |  | "
303,25317440,2018 Honda Civic EX-T,"$21,998*",19K miles,,"32 city/42 hwy | 4-cyl, Turbo Gas, 1.5L | Front Wheel Drive | Automatic | Silver/Black |  | "
304,25010336,2016 BMW 320 I,"$14,998*",60K miles,,"24 city/36 hwy | 4-cyl, Turbo Gas, 2.0L | Rear Wheel Drive | Automatic | Silver/Tan |  | "
305,25306547,2018 Mazda CX-9 Sport,Price unavailable*,16K miles,,"20 city/26 hwy | 4-cyl, Turbo Gas, 2.5L | All Wheel Drive | Automatic | White/Black |  | "
306,24474226,2019 Nissan Pathfinder Platinum,"$25,998*",42K miles,,"20 city/27 hwy | 6-cyl, Gas, 3.5L | Front Wheel Drive | Automatic | Gray/Black |  | "
307,25039819,2023 Honda Accord Hybrid EX-L,"$34,998*",4K miles,,"51 city/44 hwy | 4-cyl, Hybrid, 2.0L | Front Wheel Drive | Automatic | White/Gray |  | "
308,25516072,2014 Mercedes-Benz E350 Sport,Price unavailable*,54K miles,,"21 city/30 hwy | 6-cyl, Gas, 3.5L | Rear Wheel Drive | Automatic | Gray/Black |  | "
309,24964765,2022 Toyota Corolla Hatchback Nightshade,"$25,998*",12K miles,,"4-cyl, Gas, 2.0L | Front Wheel Drive | Automatic | White/Black |  | "
310,25344210,2021 Toyota Highlander Hybrid LE,"$36,998*",30K miles,,"4-cyl, Hybrid, 2.5L | Front Wheel Drive | Automatic | Black/Gray |  | "
311,25516057,2022 Toyota Highlander Hybrid LE,"$38,998*",20K miles,,"4-cyl, Hybrid, 2.5L | All Wheel Drive | Automatic | Red/Black |  | "
312,24999937,2023 Subaru Outback,"$28,998*",13K miles,,"26 city/32 hwy | 4-cyl, Gas, 2.5L | All Wheel Drive | Automatic | Silver/Black |  | "
313,24686186,2019 Hyundai Kona SE,"$16,998*",34K miles,,"27 city/33 hwy | 4-cyl, Gas, 2.0L | Front Wheel Drive | Automatic | Gray/Black |  | "
314,25317548,2022 Toyota Tacoma TRD Off Road,"$47,998*",4K miles,,"6-cyl, Gas, 3.5L | Four Wheel Drive | Manual 6 Speed | Black/Black |  | "
315,25516427,2017 Chevrolet Malibu Hybrid,Price unavailable*,57K miles,,"4-cyl, Gas, 1.8L | Automatic | Blue/Black |  | "
316,25000239,2021 Toyota Highlander L,"$33,998*",5K miles,,"21 city/29 hwy | 6-cyl, Gas, 3.5L | Front Wheel Drive | Automatic | Black/Black |  | "
317,25316472,2018 Honda Clarity Plug in Hybrid Touring,"$22,998*",43K miles,,"4-cyl, Plug-in Hybrid, 1.5L | Front Wheel Drive | Automatic | Black/Black |  | "
318,25316126,2016 Honda Civic EX,Price unavailable*,19K miles,,"31 city/41 hwy | 4-cyl, Gas, 2.0L | Front Wheel Drive | Automatic | White/Cream |  | "
319,24861194,2019 Mercedes-Benz GLC350E Plug In Hybrid,"$25,998*",58K miles,,"4-cyl, Plug-in Hybrid, 2.0L | All Wheel Drive | Automatic | Blue/Cream |  | "
320,24999420,2022 Volvo S60 Recharge PHEV T8 R-Design Expression,"$35,998*",24K miles,,"4-cyl, Plug-in Hybrid, 2.0L | All Wheel Drive | Automatic | White/Black |  | "
321,25316332,2019 Audi Q5 Premium Plus,"$29,998*",34K miles,,"22 city/27 hwy | 4-cyl, Turbo Gas, 2.0L | All Wheel Drive | Automatic | White/Brown |  | "
322,25306587,2018 Mercedes-Benz GLS450,"$37,998*",37K miles,,"17 city/22 hwy | 6-cyl, Turbo Gas, 3.0L | All Wheel Drive | Automatic | Gray/Black |  | "
323,25064136,2020 Land Rover Discovery SE,"$27,998*",57K miles,,"16 city/21 hwy | 6-cyl, Supercharged Gas, 3.0L | Four Wheel Drive | Automatic | White/Black |  | "
324,25124964,2022 Honda CR-V EX,"$31,998*",6K miles,,"4-cyl, Turbo Gas, 1.5L | All Wheel Drive | Automatic | Black/Black |  | "
325,25344135,2021 Lexus ES 300h,"$30,998*",68K miles,,"43 city/44 hwy | 4-cyl, Hybrid, 2.5L | Front Wheel Drive | Automatic | Gray/Black |  | "
326,25317305,2019 Toyota 4Runner Limited,Price unavailable*,118K miles,,"17 city/20 hwy | 6-cyl, Gas, 4.0L | Four Wheel Drive | Automatic | Gray/Brown |  | "
327,24914930,2021 Ram 1500 Laramie,"$42,998*",13K miles,,"8-cyl, Gas, 5.7L | Four Wheel Drive | Automatic | 5.5 ft | White/Black |  | "
328,24762006,2021 Subaru Forester Premium,"$27,998*",26K miles,,"26 city/33 hwy | 4-cyl, Gas, 2.5L | All Wheel Drive | Automatic | White/Black |  | "
329,24930512,2021 Hyundai Palisade SEL,"$34,998*",33K miles,,"19 city/24 hwy | 6-cyl, Gas, 3.8L | All Wheel Drive | Automatic | White/Gray |  | "
330,24580824,2015 Lexus NX 200t F-Sport,Price unavailable*,120K miles,,"22 city/27 hwy | 4-cyl, Turbo Gas, 2.0L | All Wheel Drive | Automatic | Blue/Black |  | "
331,25182672,2017 Mercedes-Benz SL550,Price unavailable*,40K miles,,"17 city/25 hwy | 8-cyl, Turbo Gas, 4.7L | Rear Wheel Drive | Automatic | Gray/Brown |  | "
332,23699846,2019 Land Rover Range Rover Velar S,"$39,998*",27K miles,,"26 city/30 hwy | 4-cyl, Turbo Diesel, 2.0L | Four Wheel Drive | Automatic | Black/Black |  | "
333,25305898,2021 Toyota RAV4 Hybrid XLE,Price unavailable*,39K miles,,"41 city/38 hwy | 4-cyl, Hybrid, 2.5L | All Wheel Drive | Automatic | White/Gray |  | "
334,24738859,2020 Honda Odyssey LX,"$25,998*",58K miles,,"19 city/28 hwy | 6-cyl, Gas, 3.5L | Front Wheel Drive | Automatic | White/Tan |  | "
335,25409713,2023 Toyota 4Runner TRD Off Road Premium,"$42,998*",25K miles,,"6-cyl, Gas, 4.0L | Four Wheel Drive | Automatic | Silver/Black |  | "
336,25305953,2024 Lexus RX 350 Luxury,Price unavailable*,2K miles,,"4-cyl, Turbo Gas, 2.4L | All Wheel Drive | Automatic | White/Tan |  | "
337,25182946,2020 Kia Niro Touring SE,"$24,998*",26K miles,,"46 city/40 hwy | 4-cyl, Hybrid, 1.6L | Front Wheel Drive | Automatic | Blue/Black |  | "
338,25372678,2023 Nissan Sentra SR,"$22,998*",3K miles,,"4-cyl, Gas, 2.0L | Front Wheel Drive | Automatic | Black/Black |  | "
339,25457357,2022 Toyota Corolla Hatchback XSE,Price unavailable*,33K miles,,"4-cyl, Gas, 2.0L | Front Wheel Drive | Automatic | Pearl/Black |  | "
340,25210971,2023 Toyota Camry LE,"$24,998*",22K miles,"Single Owner
Reported by AutoCheck® View History Report | Well-Equipped
Automated Cruise Control, Apple CarPlay, Lane Departure Warning, Rear View Camera, Bluetooth Technology | Manufacturer Warranty
Balance of 3 Years or 36,000 Miles may apply. See store for details Learn More","4-cyl, Gas, 2.5L | Front Wheel Drive | Automatic | Black/Black |  | "
341,25040212,2020 Honda Civic Touring,"$23,998*",23K miles,,"30 city/38 hwy | 4-cyl, Turbo Gas, 1.5L | Front Wheel Drive | Automatic | White/Black |  | "
342,25317657,2023 Honda Civic Sport,"$27,998*",10K miles,,"4-cyl, Gas, 2.0L | Front Wheel Drive | Automatic | White/Black |  | "
343,25040318,2023 Acura TLX,"$35,998*",7K miles,,"4-cyl, Turbo Gas, 2.0L | Front Wheel Drive | Automatic | Gray/Black |  | "
344,24999959,2012 Nissan Rogue S,"$11,998*",118K miles,,"22 city/26 hwy | 4-cyl, Gas, 2.5L | All Wheel Drive | Automatic | White/Black |  | "
345,24937311,2021 Ram 1500 Laramie,"$43,998*",21K miles,,"8-cyl, Gas, 5.7L | Four Wheel Drive | Automatic | White/Black |  | "
346,25317532,2021 Honda Civic Sport,Price unavailable*,31K miles,,"29 city/37 hwy | 4-cyl, Gas, 2.0L | Front Wheel Drive | Automatic | Gray/Black |  | "
347,24985740,2023 Honda CR-V EX,"$34,998*",10K miles,,"27 city/32 hwy | 4-cyl, Turbo Gas, 1.5L | All Wheel Drive | Automatic | White/Gray |  | "
348,24964827,2020 Mercedes-Benz GLC300,"$28,998*",31K miles,,"21 city/28 hwy | 4-cyl, Turbo Gas, 2.0L | All Wheel Drive | Automatic | Gray/Black |  | "
349,25316735,2022 BMW X5 Plug In Hybrid XDrive45e,"$52,998*",21K miles,,"6-cyl, Plug-in Hybrid, 3.0L | All Wheel Drive | Automatic | Black/Black |  | "
350,25515964,2019 Subaru Ascent Premium,"$26,998*",38K miles,,"21 city/27 hwy | 4-cyl, Turbo Gas, 2.4L | All Wheel Drive | Automatic | Blue/Tan |  | "
351,25233125,2022 Chrysler Pacifica Limited,"$29,998*",60K miles,,"6-cyl, Gas, 3.6L | Front Wheel Drive | Automatic | Gray/Tan |  | "
352,25306529,2019 Audi Q7 SE Premium Plus,"$30,998*",34K miles,,"19 city/25 hwy | 4-cyl, Turbo Gas, 2.0L | All Wheel Drive | Automatic | Gray/Gray |  | "
353,25317297,2019 Hyundai Elantra SEL,"$14,998*",66K miles,,"28 city/37 hwy | 4-cyl, Gas, 2.0L | Front Wheel Drive | Automatic | Red/Gray |  | "
354,25316011,2019 Honda CR-V EX,"$24,998*",50K miles,,"27 city/33 hwy | 4-cyl, Turbo Gas, 1.5L | All Wheel Drive | Automatic | Red/Gray |  | "
355,25306395,2022 Nissan Altima S,Price unavailable*,39K miles,"Single Owner
Reported by AutoCheck® View History Report | Well-Equipped
Lane Departure Warning, Rear View Camera, Remote Start, Bluetooth Technology, Smart Key | Fuel Efficient
28 City / 39 Hwy","28 city/39 hwy | 4-cyl, Gas, 2.5L | Front Wheel Drive | Automatic | Black/Black |  | "
356,25515639,2020 Toyota Camry LE,"$20,998*",48K miles,,"4-cyl, Gas, 2.5L | Front Wheel Drive | Automatic | Silver/Gray |  | "
357,25079513,2020 Audi Q5 Premium Plus,Price unavailable*,30K miles,,"22 city/28 hwy | 4-cyl, Turbo Gas, 2.0L | All Wheel Drive | Automatic | Black/Black |  | "
358,25306005,2020 Hyundai Palisade Limited,"$33,998*",40K miles,,"19 city/26 hwy | 6-cyl, Gas, 3.8L | Front Wheel Drive | Automatic | Burgundy/Black |  | "
359,25316547,2014 Buick Verano,"$15,998*",25K miles,,"21 city/32 hwy | 4-cyl, Gas, 2.4L | Front Wheel Drive | Automatic | Brown/Cream |  | "
360,25317321,2024 Nissan Kicks SV,"$24,998*",1K miles,"Single Owner
Reported by AutoCheck® View History Report | Low Mileage
Under 20,000 Miles | Loaded
Automated Cruise Control, Apple CarPlay, Lane Departure Warning, Parking Sensors, Blind Spot Monitor","4-cyl, Gas, 1.6L | Front Wheel Drive | Automatic | White/Black |  | "
361,24818297,2018 Jeep Wrangler Unlimited Sahara,"$25,998*",40K miles,,"16 city/21 hwy | 6-cyl, Gas, 3.6L | Automatic | Silver/Black |  | "
362,25000007,2020 Subaru Crosstrek,Price unavailable*,42K miles,,"27 city/33 hwy | 4-cyl, Gas, 2.0L | All Wheel Drive | Automatic | Blue/Black |  | "
363,25040405,2018 Chevrolet Silverado 1500 LT,Price unavailable*,35K miles,,"8-cyl, Gas, 5.3L | Four Wheel Drive | Automatic | 6.5 ft | Red/Black |  | "
364,25486155,2015 Toyota Prius Two,Price unavailable*,123K miles,,"51 city/48 hwy | 4-cyl, Hybrid, 1.8L | Front Wheel Drive | Automatic | White/Gray |  | "
365,25051541,2013 Ford Fusion Hybrid SE,"$14,599*",81K miles,,"44 city/41 hwy | 4-cyl, Hybrid, 2.0L | Front Wheel Drive | Automatic | Black/Black |  | "
366,23981611,2015 Chevrolet Cruze LS,Price unavailable*,120K miles,,"4-cyl, , 1.8L | Manual 6 Speed | Silver/Gray |  | "
367,25486457,2016 Nissan Sentra S,"$13,998*",79K miles,,"29 city/38 hwy | 4-cyl, Gas, 1.8L | Front Wheel Drive | Automatic | Black/Black |  | "
368,25486172,2015 Nissan Versa S Plus,"$12,599*",63K miles,,"31 city/40 hwy | 4-cyl, Gas, 1.6L | Front Wheel Drive | Automatic | Red/Black |  | "
369,25052007,2016 Jeep Cherokee Sport,"$15,998*",87K miles,,"21 city/28 hwy | 4-cyl, Gas, 2.4L | Four Wheel Drive | Automatic | Blue/Black |  | "
370,25398195,2018 BMW X1 SDrive28i,Price unavailable*,42K miles,,"23 city/32 hwy | 4-cyl, Turbo Gas, 2.0L | Front Wheel Drive | Automatic | Black/Black |  | "
371,25486026,2018 Honda HR-V EX,"$19,998*",48K miles,,"28 city/34 hwy | 4-cyl, Gas, 1.8L | Front Wheel Drive | Automatic | Gray/Black |  | "
372,25397840,2013 Hyundai Sonata GLS,"$14,599*",44K miles,,"24 city/35 hwy | 4-cyl, Gas, 2.4L | Front Wheel Drive | Automatic | Gray/Gray |  | "
373,25229877,2019 BMW 530e Plug-in Hybrid iPerformance,Price unavailable*,68K miles,,"4-cyl, Plug-in Hybrid, 2.0L | Rear Wheel Drive | Automatic | White/Black |  | "
374,25052626,2019 Ford Fiesta SE,"$14,599*",40K miles,,"27 city/35 hwy | 4-cyl, Gas, 1.6L | Automatic | Black/Gray |  | "
375,25215607,2017 Volvo XC60 T5 Dynamic,"$23,998*",37K miles,,"23 city/31 hwy | 4-cyl, Turbo Gas, 2.0L | Front Wheel Drive | Automatic | White/Black |  | "
376,25215935,2022 Subaru Impreza Premium,Price unavailable*,22K miles,,"28 city/36 hwy | 4-cyl, Gas, 2.0L | All Wheel Drive | Automatic | White/Black |  | "
377,25018632,2013 Toyota Prius v Five,"$18,998*",70K miles,,"44 city/40 hwy | 4-cyl, Hybrid, 1.8L | Front Wheel Drive | Automatic | Green/Gray |  | "
378,25215442,2020 Toyota Corolla LE,Price unavailable*,59K miles,,"30 city/38 hwy | 4-cyl, Gas, 1.8L | Front Wheel Drive | Automatic | Silver/Black |  | "
379,25398136,2013 Hyundai Elantra GLS,Price unavailable*,82K miles,,"28 city/38 hwy | 4-cyl, Gas, 1.8L | Front Wheel Drive | Automatic | Gray/Gray |  | "
380,24713268,2013 Chevrolet Camaro LT,Price unavailable*,88K miles,,"17 city/28 hwy | 6-cyl, Gas, 3.6L | Rear Wheel Drive | Manual 6 Speed | Silver/Black |  | "
381,25398587,2020 Chevrolet Bolt EV Premier,"$20,998*",28K miles,,Electric | Automatic | Black/Gray |  | 
382,25398542,2019 Toyota Tacoma TRD Sport,"$36,998*",41K miles,,"17 city/20 hwy | 6-cyl, Gas, 3.5L | Four Wheel Drive | Manual 6 Speed | White/Gray |  | "
383,25486128,2014 Nissan Rogue SV,"$12,998*",122K miles,,"26 city/33 hwy | 4-cyl, Gas, 2.5L | Front Wheel Drive | Automatic | Red/Black |  | "
384,25486376,2017 Ford Edge SE,"$15,998*",86K miles,,"20 city/27 hwy | 4-cyl, Turbo Gas, 2.0L | All Wheel Drive | Automatic | White/Black |  | "
385,24713292,2017 Hyundai Accent SE,Price unavailable*,82K miles,,"26 city/36 hwy | 4-cyl, Gas, 1.6L | Front Wheel Drive | Automatic | Gray/Black |  | "
386,25515875,2023 Nissan Altima SV,"$23,998*",24K miles,,"4-cyl, Gas, 2.5L | Front Wheel Drive | Automatic | Black/Black |  | "
387,25052659,2013 Mini Cooper S,"$14,599*",53K miles,,"4-cyl, Turbo Gas, 1.6L | Automatic | Gray/Black |  | "
388,25216137,2020 Toyota RAV4 LE,Price unavailable*,120K miles,,"27 city | 4-cyl, Gas, 2.5L | Front Wheel Drive | Automatic | White/Black |  | "
389,22359580,2014 Nissan Pathfinder Platinum,"$16,998*",108K miles,"Loaded
Rear Entertainment System, Third Row Seat, A/C Seat(s), 4WD/AWD, Leather Seats | Premium Audio
BOSE Sound System | Optional MaxCare® plan
Coverage up to 150000 odometer miles or 36 months Learn More","19 city/25 hwy | 6-cyl, Gas, 3.5L | Four Wheel Drive | Automatic | Gray/Tan | None | "
390,25528132,2023 Nissan Sentra SV,"$20,998*",23K miles,,"4-cyl, Gas, 2.0L | Front Wheel Drive | Automatic | Black/Gray |  | "
391,25397676,2016 Kia Forte5 LX,Price unavailable*,105K miles,,"25 city/33 hwy | 4-cyl, Gas, 2.0L | Front Wheel Drive | Automatic | Gray/Gray |  | "
392,25215862,2015 Chevrolet Spark LS,"$10,998*",98K miles,,"30 city/39 hwy | 4-cyl, Gas, 1.2L | Front Wheel Drive | Automatic | Yellow/Yellow |  | "
393,25397881,2014 Volkswagen Beetle 1.8T,"$14,998*",66K miles,,"25 city/33 hwy | 4-cyl, Turbo Gas, 1.8L | Front Wheel Drive | Automatic | Gray/Gray |  | "
394,24570916,2017 Dodge Challenger T/A,Price unavailable*,89K miles,,"15 city/23 hwy | 8-cyl, Gas, 5.7L | Automatic | Gray/Black |  | "
395,25398016,2018 Toyota RAV4 Hybrid LE,"$26,998*",46K miles,,"34 city/30 hwy | 4-cyl, Hybrid, 2.5L | All Wheel Drive | Automatic | Black/Gray |  | "
396,25493220,2020 Acura MDX SH-AWD Advance,"$40,998*",20K miles,,"19 city/26 hwy | 6-cyl, Gas, 3.5L | All Wheel Drive | Automatic | White/Black |  | "
397,25217544,2020 Nissan Altima S,Price unavailable*,41K miles,,"28 city/39 hwy | 4-cyl, Gas, 2.5L | Front Wheel Drive | Automatic | White/Black |  | "
398,25367867,2020 Toyota Highlander Platinum,Price unavailable*,27K miles,,"20 city/27 hwy | 6-cyl, Gas, 3.5L | All Wheel Drive | Automatic | Black/Gray |  | "
399,24452841,2017 Kia Optima Hybrid Premium,"$16,998*",63K miles,,"39 city/46 hwy | 4-cyl, Hybrid, 2.0L | Front Wheel Drive | Automatic | Silver/Black |  | "
400,24759996,2018 Honda Accord Sport,"$22,998*",52K miles,,"29 city/35 hwy | 4-cyl, Turbo Gas, 1.5L | Front Wheel Drive | Automatic | Blue/Black |  | "
401,25215088,2019 Honda Civic LX,"$20,998*",35K miles,,"30 city/38 hwy | 4-cyl, Gas, 2.0L | Front Wheel Drive | Automatic | Blue/Gray |  | "
402,25397624,2017 Volkswagen GTI Sport,Price unavailable*,11K miles,,"24 city/34 hwy | 4-cyl, Turbo Gas, 2.0L | Front Wheel Drive | Manual 6 Speed | Gray/Black |  | "
403,25626369,2023 Kia Forte LXS,"$19,998*",22K miles,,"28 city/39 hwy | 4-cyl, Gas, 2.0L | Front Wheel Drive | Automatic | Gray/Black |  | "
404,24686278,2015 Dodge Challenger SXT,"$18,998*",69K miles,,"19 city/30 hwy | 6-cyl, Gas, 3.6L | Rear Wheel Drive | Automatic | Black/Black |  | "
405,25052132,2017 Honda Accord LX,"$16,998*",123K miles,,"27 city/36 hwy | 4-cyl, Gas, 2.4L | Front Wheel Drive | Automatic | Black/Black |  | "
406,24687256,2015 Toyota Prius Two,"$14,998*",117K miles,,"51 city/48 hwy | 4-cyl, Hybrid, 1.8L | Front Wheel Drive | Automatic | Black/Gray |  | "
407,25486171,2014 Subaru Forester 2.5I Premium,"$14,599*",117K miles,,"24 city/32 hwy | 4-cyl, Gas, 2.5L | All Wheel Drive | Automatic | Gold/Black |  | "
408,24519649,2014 Ford Mustang,Price unavailable*,60K miles,,"19 city/29 hwy | 6-cyl, Gas, 3.7L | Rear Wheel Drive | Manual 6 Speed | Gray/Black |  | "
409,25485857,2016 Ford C-Max SE,Price unavailable*,55K miles,,"42 city | 4-cyl, Hybrid, 2.0L | Front Wheel Drive | Automatic | Gray/Gray |  | "
410,25485756,2012 Nissan Rogue SL,Price unavailable*,119K miles,,"22 city/26 hwy | 4-cyl, Gas, 2.5L | All Wheel Drive | Automatic | Red/Gray |  | "
411,25215805,2021 Kia Seltos SX,Price unavailable*,16K miles,,"25 city/30 hwy | 4-cyl, Turbo Gas, 1.6L | All Wheel Drive | Automatic | Gray/Gray |  | "
412,25486560,2021 Toyota Camry Hybrid LE,Price unavailable*,16K miles,,"4-cyl, Hybrid, 2.5L | Front Wheel Drive | Automatic | Red/Tan |  | "
413,25486159,2014 Nissan Rogue S,"$12,998*",120K miles,,"26 city/33 hwy | 4-cyl, Gas, 2.5L | Front Wheel Drive | Automatic | Blue/Gray |  | "
414,25398205,2012 Nissan Altima S,Price unavailable*,128K miles,,"23 city/32 hwy | 4-cyl, Gas, 2.5L | Front Wheel Drive | Automatic | Black/Gray |  | "
415,25215566,2022 Kia Telluride LX,Price unavailable*,17K miles,,"20 city/26 hwy | 6-cyl, Gas, 3.8L | Front Wheel Drive | Automatic | White/Black |  | "
416,25305609,2021 Mitsubishi Outlander Sport ES,Price unavailable*,45K miles,,"24 city/30 hwy | 4-cyl, Gas, 2.0L | Front Wheel Drive | Automatic | White/Black |  | "
417,25486217,2012 Nissan Maxima SV,Price unavailable*,79K miles,,"19 city/26 hwy | 6-cyl, Gas, 3.5L | Front Wheel Drive | Automatic | Silver/Black |  | "
418,25051352,2016 Volkswagen Golf S,"$12,599*",85K miles,,"25 city/35 hwy | 4-cyl, Turbo Gas, 1.8L | Front Wheel Drive | Automatic | Black/Black |  | "
419,25398294,2018 Kia Soul,"$14,599*",52K miles,,"24 city/30 hwy | 4-cyl, Gas, 1.6L | Front Wheel Drive | Manual 5 Speed | Green/Black |  | "
420,25398199,2012 Mazda Mazda2 Sport,"$11,998*",85K miles,,"28 city/34 hwy | 4-cyl, Gas, 1.5L | Front Wheel Drive | Automatic | Black/Black |  | "
421,25316378,2013 Chevrolet Malibu ECO,"$13,998*",75K miles,,"25 city/37 hwy | 4-cyl, Hybrid, 2.4L | Front Wheel Drive | Automatic | Gray/Tan |  | "
422,25397683,2016 Subaru Forester 2.5I Premium,"$16,998*",92K miles,,"24 city/32 hwy | 4-cyl, Gas, 2.5L | All Wheel Drive | Automatic | Tan/Black |  | "
423,25398320,2013 Lexus RX 350,"$20,998*",75K miles,,"18 city/24 hwy | 6-cyl, Gas, 3.5L | All Wheel Drive | Automatic | Gold/Tan |  | "
424,25485970,2017 Toyota Prius v Two,"$19,998*",88K miles,,"43 city/39 hwy | 4-cyl, Hybrid, 1.8L | Front Wheel Drive | Automatic | Green/Gray |  | "
425,25211539,2019 Nissan Rogue Sport S,"$18,998*",59K miles,,"24 city/30 hwy | 4-cyl, Gas, 2.0L | All Wheel Drive | Automatic | Silver/Black |  | "
426,25050911,2019 Mercedes-Benz GLS450,"$36,998*",53K miles,,"16 city/22 hwy | 6-cyl, Turbo Gas, 3.0L | All Wheel Drive | Automatic | White/Tan |  | "
427,25398212,2014 Mercedes-Benz GLK350,Price unavailable*,76K miles,,"19 city/26 hwy | 6-cyl, Gas, 3.5L | Rear Wheel Drive | Automatic | White/Black |  | "
428,25486379,2016 Ford Fiesta S,"$12,998*",54K miles,,"28 city/36 hwy | 4-cyl, Gas, 1.6L | Front Wheel Drive | Automatic | Silver/Gray |  | "
429,24984850,2015 Nissan Quest SV,"$14,998*",83K miles,,"20 city/27 hwy | 6-cyl, Gas, 3.5L | Front Wheel Drive | Automatic | Black/Tan |  | "
430,25011281,2021 Volkswagen Jetta S,"$17,998*",51K miles,,"29 city/39 hwy | 4-cyl, Turbo Gas, 1.4L | Front Wheel Drive | Automatic | Black/Gray |  | "
431,25397888,2018 Volkswagen Atlas SE w/Tech,"$25,998*",27K miles,,"22 city/26 hwy | 4-cyl, Turbo Gas, 2.0L | Front Wheel Drive | Automatic | Black/Tan |  | "
432,25515880,2023 Kia Forte LXS,"$20,998*",36K miles,,"28 city/39 hwy | 4-cyl, Gas, 2.0L | Front Wheel Drive | Automatic | White/Black |  | "
433,25397903,2014 Mercedes-Benz C250 Sport,"$17,998*",47K miles,,"22 city/31 hwy | 4-cyl, Turbo Gas, 1.8L | Rear Wheel Drive | Automatic | White/Black |  | "
434,25472501,2020 Infiniti QX50 Sensory,Price unavailable*,27K miles,,"23 city/29 hwy | 4-cyl, Turbo Gas, 2.0L | Front Wheel Drive | Automatic | Gray/Black |  | "
435,25515854,2023 Nissan Sentra SV,"$22,998*",16K miles,,"4-cyl, Gas, 2.0L | Front Wheel Drive | Automatic | Gray/Black |  | "
436,25216343,2018 Ford Fusion Hybrid SE,Price unavailable*,89K miles,,"43 city/41 hwy | 4-cyl, Hybrid, 2.0L | Front Wheel Drive | Automatic | Black/Black |  | "
437,24825396,2020 Mazda CX-5 Touring,"$22,998*",51K miles,,"25 city/31 hwy | 4-cyl, Gas, 2.5L | Front Wheel Drive | Automatic | White/Black |  | "
438,25398599,2021 Honda Civic LX,"$22,998*",30K miles,,"30 city/38 hwy | 4-cyl, Gas, 2.0L | Front Wheel Drive | Automatic | Gray/Gray |  | "
439,25397833,2015 Audi A3 Premium Plus,Price unavailable*,18K miles,,"24 city/33 hwy | 4-cyl, Turbo Gas, 2.0L | All Wheel Drive | Automatic | Black/Black |  | "
440,25052060,2013 Mazda Mazda3 I SV,"$11,998*",104K miles,,"24 city/33 hwy | 4-cyl, Gas, 2.0L | Front Wheel Drive | Automatic | Black/Black |  | "
441,25485948,2018 Jeep Grand Cherokee Overland,"$23,998*",95K miles,,"21 city/28 hwy | 6-cyl, Turbo Diesel, 3.0L | Four Wheel Drive | Automatic | Black/Black |  | "
442,25398096,2019 BMW X5 xDrive40i,Price unavailable*,53K miles,,"20 city/26 hwy | 6-cyl, Turbo Gas, 3.0L | All Wheel Drive | Automatic | White/Cream |  | "
443,25216262,2018 BMW X1 XDrive28i,"$19,998*",56K miles,,"22 city/31 hwy | 4-cyl, Turbo Gas, 2.0L | All Wheel Drive | Automatic | Black/Tan |  | "
444,25215064,2017 Buick LaCrosse Essence,"$22,998*",16K miles,,"21 city/31 hwy | 6-cyl, Gas, 3.6L | Front Wheel Drive | Automatic | Silver/Black |  | "
445,25397763,2013 Subaru Forester 2.5X,"$16,998*",77K miles,,"21 city/27 hwy | 4-cyl, Gas, 2.5L | All Wheel Drive | Automatic | Green/Gray |  | "
446,25428647,2020 Jeep Wrangler Sport,Price unavailable*,39K miles,,"17 city/25 hwy | 6-cyl, Gas, 3.6L | Four Wheel Drive | Manual 6 Speed | Black/Black |  | "
447,25397711,2019 Lexus IS 300,Price unavailable*,47K miles,,"21 city/30 hwy | 4-cyl, Turbo Gas, 2.0L | Rear Wheel Drive | Automatic | Black/Black |  | "
448,25486549,2022 Kia Niro Electric EX,Price unavailable*,19K miles,,Electric | Front Wheel Drive | Automatic | Blue/Gray |  | 
449,24615334,2016 Audi A6 Premium Plus,Price unavailable*,56K miles,,"22 city/32 hwy | 4-cyl, Turbo Gas, 2.0L | All Wheel Drive | Automatic | Silver/Black |  | "
450,25397623,2013 Subaru BRZ Limited,Price unavailable*,73K miles,,"22 city/30 hwy | 4-cyl, Gas, 2.0L | Rear Wheel Drive | Manual 6 Speed | Pearl/Black |  | "
451,25398522,2023 Subaru BRZ Limited,"$31,998*",3K miles,,"20 city/27 hwy | 4-cyl, Gas, 2.4L | Rear Wheel Drive | Manual 6 Speed | Gray/Black |  | "
452,25086128,2019 Mercedes-Benz E300,"$29,998*",36K miles,,"21 city/30 hwy | 4-cyl, Turbo Gas, 2.0L | Rear Wheel Drive | Automatic | Black/Tan |  | "
453,25486268,2012 Kia Soul +,Price unavailable*,74K miles,,"23 city/28 hwy | 4-cyl, Gas, 2.0L | Front Wheel Drive | Automatic | Silver/Black |  | "
454,25040304,2017 Kia Optima Hybrid Premium,Price unavailable*,85K miles,,"39 city/46 hwy | 4-cyl, Hybrid, 2.0L | Front Wheel Drive | Automatic | Gray/Black |  | "
455,25516159,2020 Nissan Altima SV,"$22,998*",33K miles,,"26 city/36 hwy | 4-cyl, Gas, 2.5L | All Wheel Drive | Automatic | Gray/Black |  | "
456,25397766,2013 Honda Odyssey EX-L,"$18,998*",74K miles,,"18 city/27 hwy | 6-cyl, Gas, 3.5L | Front Wheel Drive | Automatic | Silver/Gray |  | "
457,25485974,2017 Nissan Rogue S,"$17,998*",66K miles,,"26 city/33 hwy | 4-cyl, Gas, 2.5L | Front Wheel Drive | Automatic | White/Black |  | "
458,25216178,2015 Mercedes-Benz GLK350,Price unavailable*,68K miles,,"19 city/25 hwy | 6-cyl, Gas, 3.5L | Rear Wheel Drive | Automatic | Silver/Black |  | "
459,25378369,2022 Audi e-tron Premium Plus,Price unavailable*,15K miles,,Electric | All Wheel Drive | Automatic | Black |  | 
460,25486458,2014 Subaru Outback 2.5I Premium,"$22,998*",15K miles,,"24 city/30 hwy | 4-cyl, Gas, 2.5L | All Wheel Drive | Automatic | Silver/Black |  | "
461,25458979,2013 Audi A5 Premium Plus,Price unavailable*,58K miles,,"20 city/30 hwy | 4-cyl, Turbo Gas, 2.0L | All Wheel Drive | Automatic | Black/Black |  | "
462,24965211,2014 Volvo XC90 3.2,"$16,998*",59K miles,,"16 city/23 hwy | 6-cyl, Gas, 3.2L | All Wheel Drive | Automatic | Silver/Black |  | "
463,24972018,2018 Chrysler Pacifica Hybrid Limited,"$28,998*",61K miles,,"6-cyl, Plug-in Hybrid, 3.6L | Front Wheel Drive | Automatic | Black/Black |  | "
464,24914216,2021 GMC Yukon Denali,Price unavailable*,18K miles,,"14 city/19 hwy | 8-cyl, Gas, 6.2L | Four Wheel Drive | Automatic | White/Tan |  | "
465,25515685,2019 Infiniti QX50 Essential,"$23,998*",47K miles,,"24 city/31 hwy | 4-cyl, Turbo Gas, 2.0L | Front Wheel Drive | Automatic | Blue/Black |  | "
466,25216415,2021 Toyota Corolla LE,"$20,998*",35K miles,,"4-cyl, Gas, 1.8L | Front Wheel Drive | Automatic | White/Black |  | "
467,25515693,2019 GMC Terrain SLE,"$20,998*",47K miles,,"26 city/30 hwy | 4-cyl, Turbo Gas, 1.5L | Front Wheel Drive | Automatic | Silver/Black |  | "
468,25398113,2021 Jaguar F-Pace S,"$37,998*",41K miles,,"4-cyl, Turbo Gas, 2.0L | All Wheel Drive | Automatic | Blue/Black |  | "
469,24680701,2016 Lexus RX 350,"$28,998*",32K miles,,"20 city/27 hwy | 6-cyl, Gas, 3.5L | Front Wheel Drive | Automatic | Black/Brown |  | "
470,24825743,2017 Toyota RAV4 LE,"$17,998*",92K miles,,"23 city/30 hwy | 4-cyl, Gas, 2.5L | Front Wheel Drive | Automatic | White/Black |  | "
471,25052495,2017 Mercedes-Benz C300,Price unavailable*,63K miles,,"24 city/31 hwy | 4-cyl, Turbo Gas, 2.0L | All Wheel Drive | Automatic | Black/Black |  | "
472,25216405,2021 Buick Encore GX Select,"$22,998*",11K miles,,"28 city/31 hwy | 3-cyl, Turbo Gas, 1.3L | Front Wheel Drive | Automatic | White/Black |  | "
473,25493244,2016 Chevrolet Malibu Limited LT,"$15,998*",41K miles,,"24 city/34 hwy | 4-cyl, Gas, 2.5L | Front Wheel Drive | Automatic | White/Black |  | "
474,25486563,2020 Mazda CX-9 Grand Touring,Price unavailable*,43K miles,,"4-cyl, Turbo Gas, 2.5L | All Wheel Drive | Automatic | White/Black |  | "
475,25485953,2020 Lexus NX 300 F-Sport,"$28,998*",43K miles,,"22 city/28 hwy | 4-cyl, Turbo Gas, 2.0L | Front Wheel Drive | Automatic | Red/Gray |  | "
476,24912524,2016 Ford Transit Connect XL,Price unavailable*,101K miles,,"22 city/29 hwy | 4-cyl, Turbo Gas, 1.6L | Front Wheel Drive | Automatic | White/Black |  | "
477,25216406,2016 Hyundai Accent SE,Price unavailable*,77K miles,,"26 city/37 hwy | 4-cyl, Gas, 1.6L | Front Wheel Drive | Automatic | White/Gray |  | "
478,25397675,2018 BMW 330 I,"$18,998*",82K miles,,"24 city/34 hwy | 4-cyl, Turbo Gas, 2.0L | Rear Wheel Drive | Automatic | White/Black |  | "
479,25397576,2014 Mercedes-Benz GL450,Price unavailable*,44K miles,,"14 city/19 hwy | 8-cyl, Turbo Gas, 4.6L | All Wheel Drive | Automatic | Black/Black |  | "
480,25052230,2015 Ford Escape SE,Price unavailable*,99K miles,,"23 city/32 hwy | 4-cyl, Turbo Gas, 1.6L | Front Wheel Drive | Automatic | Silver/Gray |  | "
481,25486541,2017 Ram 1500 Tradesman,Price unavailable*,95K miles,,"17 city/25 hwy | 8-cyl, Gas, 5.7L | Rear Wheel Drive | Automatic | 5.5 ft | Gray/Gray |  | "
482,25398032,2013 Toyota Sienna Limited,Price unavailable*,129K miles,,"18 city/25 hwy | 6-cyl, Gas, 3.5L | Front Wheel Drive | Automatic | Gray/Gray |  | "
483,25486245,2023 Nissan Rogue SV,"$27,998*",6K miles,,"30 city/37 hwy | 3-cyl, Turbo Gas, 1.5L | Front Wheel Drive | Automatic | White/Gray |  | "
484,25486105,2019 Volkswagen Tiguan SE,Price unavailable*,47K miles,,"22 city/29 hwy | 4-cyl, Turbo Gas, 2.0L | Front Wheel Drive | Automatic | Silver/Black |  | "
485,25398259,2022 Audi Q5 Premium Plus,"$37,998*",19K miles,,"23 city/29 hwy | 4-cyl, Turbo Gas, 2.0L | All Wheel Drive | Automatic | Black/Black |  | "
486,24760115,2021 Chevrolet Equinox LT,Price unavailable*,34K miles,,"4-cyl, Turbo Gas, 1.5L | Front Wheel Drive | Automatic | White/Black |  | "
487,25052052,2015 Subaru Outback Premium,"$17,998*",96K miles,,"25 city/33 hwy | 4-cyl, Gas, 2.5L | All Wheel Drive | Automatic | Blue/Tan |  | "
488,25397902,2019 Subaru Ascent Limited,"$26,998*",56K miles,,"20 city/26 hwy | 4-cyl, Turbo Gas, 2.4L | All Wheel Drive | Automatic | White/Cream |  | "
489,25527853,2023 Toyota Camry SE,"$26,998*",20K miles,,"4-cyl, Gas, 2.5L | Front Wheel Drive | Automatic | Black/Black |  | "
490,25052326,2020 Toyota Corolla SE,"$22,998*",13K miles,,"31 city/40 hwy | 4-cyl, Gas, 2.0L | Front Wheel Drive | Automatic | White/Black |  | "
491,25485914,2019 Kia Soul +,"$15,998*",64K miles,,"25 city/30 hwy | 4-cyl, Gas, 2.0L | Front Wheel Drive | Automatic | White/Black |  | "
492,25486174,2017 Nissan Versa Note SV,"$14,599*",56K miles,,"31 city/39 hwy | 4-cyl, Gas, 1.6L | Front Wheel Drive | Automatic | Gray/Black |  | "
493,25305570,2021 Honda Accord Sport,Price unavailable*,55K miles,,"29 city/35 hwy | 4-cyl, Turbo Gas, 1.5L | Front Wheel Drive | Automatic | Black/Black |  | "
494,25485920,2014 Ford F150 XLT,"$21,998*",109K miles,,"14 city/19 hwy | 8-cyl, Gas, 5.0L | Four Wheel Drive | Automatic | Silver/Gray |  | "
495,24912715,2022 Kia Niro EX Premium,"$23,998*",53K miles,,"51 city/46 hwy | 4-cyl, Hybrid, 1.6L | Front Wheel Drive | Automatic | White/Black |  | "
496,25397828,2023 Mitsubishi Mirage LE,"$17,998*",6K miles,,"36 city/43 hwy | 3-cyl, Gas, 1.2L | Front Wheel Drive | Automatic | White/Black |  | "
497,25529656,2020 BMW 228 I xDrive Gran Coupe,Price unavailable*,52K miles,,"23 city/33 hwy | 4-cyl, Turbo Gas, 2.0L | All Wheel Drive | Automatic | Gray/Black |  | "
498,25398297,2023 Ford Maverick XLT,Price unavailable*,8K miles,,"4-cyl, Hybrid, 2.5L | Front Wheel Drive | Automatic | Blue/Gray |  | "
499,25626201,2019 Kia Optima S,Price unavailable*,49K miles,,"24 city/33 hwy | 4-cyl, Gas, 2.4L | Front Wheel Drive | Automatic | Black/Black |  | "
500,25280696,2023 Subaru Solterra Limited,"$36,998*",5K miles,,Electric | All Wheel Drive | Automatic | Gray/Gray |  | 
501,25052588,2013 Jeep Grand Cherokee Overland,"$16,998*",90K miles,,"17 city/23 hwy | 6-cyl, Gas, 3.6L | Rear Wheel Drive | Automatic | Gray/Brown |  | "
502,25040283,2021 GMC Canyon AT4,Price unavailable*,106K miles,,"6-cyl, Gas, 3.6L | Four Wheel Drive | Automatic | 5 ft | White/Black |  | "
503,25398203,2021 Honda Insight Touring,Price unavailable*,30K miles,,"51 city/45 hwy | 4-cyl, Hybrid, 1.5L | Front Wheel Drive | Automatic | Gray/Black |  | "
504,25215893,2013 Chevrolet Silverado 1500 Work Truck,"$20,998*",64K miles,"Low Miles Per Year
Less than 9,000 miles per year | The Basics
Cloth Seats, Cruise Control, Bed Liner, Satellite Radio Ready, Air Conditioning | Optional MaxCare® plan
Coverage up to 150000 odometer miles or 48 months Learn More","15 city/20 hwy | 6-cyl, Gas, 4.3L | Rear Wheel Drive | Automatic | 6.5 ft | Blue/Blue |  | "
505,25626680,2023 Kia Forte LXS,"$19,998*",22K miles,,"28 city/39 hwy | 4-cyl, Gas, 2.0L | Front Wheel Drive | Automatic | Gray/Black |  | "
506,25216007,2020 Volkswagen Atlas Cross Sport SE,"$27,998*",23K miles,,"16 city/22 hwy | 6-cyl, Gas, 3.6L | All Wheel Drive | Automatic | Red/Black |  | "
507,25485861,2021 Ford EcoSport SE,"$19,998*",6K miles,,"3-cyl, Turbo Gas, 1.0L | Front Wheel Drive | Automatic | Gray/Black |  | "
508,25516190,2023 Buick Encore GX Preferred,"$24,998*",4K miles,,"0-cyl, Turbo Gas, 1.2L | Front Wheel Drive | Automatic | Black/Black |  | "
509,24912042,2015 Ford Edge SEL,Price unavailable*,88K miles,,"20 city/28 hwy | 6-cyl, Gas, 3.5L | All Wheel Drive | Automatic | Black/Black |  | "
510,25215926,2018 Mazda CX-5 Grand Touring,Price unavailable*,51K miles,,"24 city/30 hwy | 4-cyl, Gas, 2.5L | All Wheel Drive | Automatic | Gray/Black |  | "
511,25397808,2013 Acura MDX Advance,Price unavailable*,121K miles,"Single Owner
Reported by AutoCheck® View History Report | New Tires
Replaced 4 tires to meet our standards | Loaded
Third Row Seat, 4WD/AWD, Leather Seats, Navigation System, Sunroof(s)","16 city/21 hwy | 6-cyl, Gas, 3.7L | All Wheel Drive | Automatic | Gray/Black |  | "
512,25398584,2019 Toyota RAV4 XLE Premium,"$26,998*",61K miles,"Loaded
Automated Cruise Control, 4WD/AWD, Sunroof(s), Apple CarPlay, Heated Steering Wheel | Optional MaxCare® plan
Coverage up to 150000 odometer miles or 48 months Learn More","25 city/33 hwy | 4-cyl, Gas, 2.5L | All Wheel Drive | Automatic | Red/Tan |  | "
